,survived,pclass,age,sibsp,parch,adult_male,alone,log_fare,new_fare,gender,female_class,deck_A,deck_B,deck_C,deck_D,deck_E,deck_F,deck_G,deck_Unknown,embarked_C,embarked_Q,embarked_S,embarked_U,who_child,who_man,who_woman,class_First,class_Second,class_Third,"age_groups_(0, 15]","age_groups_(15, 25]","age_groups_(25, 45]","age_groups_(45, 70]","age_groups_(70, 100]",age_groups
0,0,3,22.0,1,0,1,0,2.1102132003465894,0,0,0,0,0,0,0,0,0,0,1,0,0,1,0,0,1,0,0,0,1,0,1,0,0,0,"(15, 25]"
1,1,1,38.0,1,0,0,0,4.2805931204649,4,1,0,0,0,1,0,0,0,0,0,1,0,0,0,0,0,1,1,0,0,0,0,1,0,0,"(25, 45]"
2,1,3,26.0,0,0,0,1,2.188856327665703,1,1,0,0,0,0,0,0,0,0,1,0,0,1,0,0,0,1,0,0,1,0,0,1,0,0,"(25, 45]"
3,1,1,35.0,1,0,0,0,3.9908341858524357,4,1,0,0,0,1,0,0,0,0,0,0,0,1,0,0,0,1,1,0,0,0,0,1,0,0,"(25, 45]"
4,0,3,35.0,0,0,1,1,2.2027647577118348,1,0,0,0,0,0,0,0,0,0,1,0,0,1,0,0,1,0,0,0,1,0,0,1,0,0,"(25, 45]"
5,0,3,32.973597359735976,0,0,1,1,2.246892662898172,1,0,0,0,0,0,0,0,0,0,1,0,1,0,0,0,1,0,0,0,1,0,0,1,0,0,"(25, 45]"
6,0,1,54.0,0,0,1,1,3.967694202798607,4,0,0,0,0,0,0,1,0,0,0,0,0,1,0,0,1,0,1,0,0,0,0,0,1,0,"(45, 70]"
7,0,3,2.0,3,1,0,0,3.0944457464900235,2,0,0,0,0,0,0,0,0,0,1,0,0,1,0,1,0,0,0,0,1,1,0,0,0,0,"(0, 15]"
8,1,3,27.0,0,2,0,0,2.495953738718064,2,1,0,0,0,0,0,0,0,0,1,0,0,1,0,0,0,1,0,0,1,0,0,1,0,0,"(25, 45]"
9,1,2,14.0,1,0,0,0,3.436268471383741,3,1,0,0,0,0,0,0,0,0,1,1,0,0,0,1,0,0,0,1,0,1,0,0,0,0,"(0, 15]"
10,1,3,4.0,1,1,0,0,2.8735646395797834,2,1,0,0,0,0,0,0,0,1,0,0,0,1,0,1,0,0,0,0,1,1,0,0,0,0,"(0, 15]"
11,1,1,58.0,0,0,0,1,3.3160025355989236,3,1,0,0,0,1,0,0,0,0,0,0,0,1,0,0,0,1,1,0,0,0,0,0,1,0,"(45, 70]"
12,0,3,20.0,0,0,1,1,2.2027647577118348,1,0,0,0,0,0,0,0,0,0,1,0,0,1,0,0,1,0,0,0,1,0,1,0,0,0,"(15, 25]"
13,0,3,39.0,1,5,1,0,3.4742929367327062,3,0,0,0,0,0,0,0,0,0,1,0,0,1,0,0,1,0,0,0,1,0,0,1,0,0,"(25, 45]"
14,0,3,14.0,0,0,0,1,2.180891922715322,0,1,0,0,0,0,0,0,0,0,1,0,0,1,0,1,0,0,0,0,1,1,0,0,0,0,"(0, 15]"
15,1,2,55.0,0,0,0,1,2.833213344056216,2,1,0,0,0,0,0,0,0,0,1,0,0,1,0,0,0,1,0,1,0,0,0,0,1,0,"(45, 70]"
16,0,3,2.0,4,1,0,0,3.405355391810819,3,0,0,0,0,0,0,0,0,0,1,0,1,0,0,1,0,0,0,0,1,1,0,0,0,0,"(0, 15]"
17,1,2,32.973597359735976,0,0,1,1,2.6390573296152584,2,0,0,0,0,0,0,0,0,0,1,0,0,1,0,0,1,0,0,1,0,0,0,1,0,0,"(25, 45]"
18,0,3,31.0,1,0,0,0,2.9444389791664403,2,1,0,0,0,0,0,0,0,0,1,0,0,1,0,0,0,1,0,0,1,0,0,1,0,0,"(25, 45]"
19,1,3,31.08421052631579,0,0,0,1,2.1071782966514356,0,1,0,0,0,0,0,0,0,0,1,1,0,0,0,0,0,1,0,0,1,0,0,1,0,0,"(25, 45]"
20,0,2,35.0,0,0,1,1,3.295836866004329,3,0,0,0,0,0,0,0,0,0,1,0,0,1,0,0,1,0,0,1,0,0,0,1,0,0,"(25, 45]"
21,1,2,34.0,0,0,1,1,2.6390573296152584,2,0,0,0,0,0,1,0,0,0,0,0,0,1,0,0,1,0,0,1,0,0,0,1,0,0,"(25, 45]"
22,1,3,15.0,0,0,0,1,2.2004637699272855,1,1,0,0,0,0,0,0,0,0,1,0,1,0,0,1,0,0,0,0,1,1,0,0,0,0,"(0, 15]"
23,1,1,28.0,0,0,1,1,3.597312260588446,3,0,0,1,0,0,0,0,0,0,0,0,0,1,0,0,1,0,1,0,0,0,0,1,0,0,"(25, 45]"
24,0,3,8.0,3,1,0,0,3.0944457464900235,2,1,0,0,0,0,0,0,0,0,1,0,0,1,0,1,0,0,0,0,1,1,0,0,0,0,"(0, 15]"
25,1,3,38.0,1,5,0,0,3.4777725458882283,3,1,0,0,0,0,0,0,0,0,1,0,0,1,0,0,0,1,0,0,1,0,0,1,0,0,"(25, 45]"
26,0,3,32.973597359735976,0,0,1,1,2.1071782966514356,0,0,0,0,0,0,0,0,0,0,1,1,0,0,0,0,1,0,0,0,1,0,0,1,0,0,"(25, 45]"
27,0,1,19.0,3,2,1,0,5.575949103146316,4,0,0,0,0,1,0,0,0,0,0,0,0,1,0,0,1,0,1,0,0,0,1,0,0,0,"(15, 25]"
28,1,3,31.08421052631579,0,0,0,1,2.1837114628556327,1,1,0,0,0,0,0,0,0,0,1,0,1,0,0,0,0,1,0,0,1,0,0,1,0,0,"(25, 45]"
29,0,3,32.973597359735976,0,0,1,1,2.1855792552411137,1,0,0,0,0,0,0,0,0,0,1,0,0,1,0,0,1,0,0,0,1,0,0,1,0,0,"(25, 45]"
30,0,1,40.0,0,0,1,1,3.357621598945279,3,0,0,0,0,0,0,0,0,0,1,1,0,0,0,0,1,0,1,0,0,0,0,1,0,0,"(25, 45]"
31,1,1,33.355555555555554,1,0,0,0,4.993969182787072,4,1,0,0,1,0,0,0,0,0,0,1,0,0,0,0,0,1,1,0,0,0,0,1,0,0,"(25, 45]"
32,1,3,31.08421052631579,0,0,0,1,2.169053700369523,0,1,0,0,0,0,0,0,0,0,1,0,1,0,0,0,0,1,0,0,1,0,0,1,0,0,"(25, 45]"
33,0,2,66.0,0,0,1,1,2.4423470353692043,1,0,0,0,0,0,0,0,0,0,1,0,0,1,0,0,1,0,0,1,0,0,0,0,1,0,"(45, 70]"
34,0,1,28.0,1,0,1,0,4.420896324687287,4,0,0,0,0,0,0,0,0,0,1,1,0,0,0,0,1,0,1,0,0,0,0,1,0,0,"(25, 45]"
35,0,1,42.0,1,0,1,0,3.970291913552122,4,0,0,0,0,0,0,0,0,0,1,0,0,1,0,0,1,0,1,0,0,0,0,1,0,0,"(25, 45]"
36,1,3,32.973597359735976,0,0,1,1,2.1076888046179385,0,0,0,0,0,0,0,0,0,0,1,1,0,0,0,0,1,0,0,0,1,0,0,1,0,0,"(25, 45]"
37,0,3,21.0,0,0,1,1,2.2027647577118348,1,0,0,0,0,0,0,0,0,0,1,0,0,1,0,0,1,0,0,0,1,0,1,0,0,0,"(15, 25]"
38,0,3,18.0,2,0,0,0,2.9444389791664403,2,1,0,0,0,0,0,0,0,0,1,0,0,1,0,0,0,1,0,0,1,0,1,0,0,0,"(15, 25]"
39,1,3,14.0,1,0,0,0,2.5048481563289,2,1,0,0,0,0,0,0,0,0,1,1,0,0,0,1,0,0,0,0,1,1,0,0,0,0,"(0, 15]"
40,0,3,40.0,1,0,0,0,2.348991465808201,1,1,0,0,0,0,0,0,0,0,1,0,0,1,0,0,0,1,0,0,1,0,0,1,0,0,"(25, 45]"
41,0,2,27.0,1,0,0,0,3.091042453358316,2,1,0,0,0,0,0,0,0,0,1,0,0,1,0,0,0,1,0,1,0,0,0,1,0,0,"(25, 45]"
42,0,3,32.973597359735976,0,0,1,1,2.1855792552411137,1,0,0,0,0,0,0,0,0,0,1,1,0,0,0,0,1,0,0,0,1,0,0,1,0,0,"(25, 45]"
43,1,2,3.0,1,2,0,0,3.7513658711253766,4,1,0,0,0,0,0,0,0,0,1,1,0,0,0,1,0,0,0,1,0,1,0,0,0,0,"(0, 15]"
44,1,3,19.0,0,0,0,1,2.1837114628556327,1,1,0,0,0,0,0,0,0,0,1,0,1,0,0,0,0,1,0,0,1,0,1,0,0,0,"(15, 25]"
45,0,3,32.973597359735976,0,0,1,1,2.2027647577118348,1,0,0,0,0,0,0,0,0,0,1,0,0,1,0,0,1,0,0,0,1,0,0,1,0,0,"(25, 45]"
46,0,3,32.70192307692308,1,0,1,0,2.803360380906535,2,0,0,0,0,0,0,0,0,0,1,0,1,0,0,0,1,0,0,0,1,0,0,1,0,0,"(25, 45]"
47,1,3,31.08421052631579,0,0,0,1,2.169053700369523,0,1,0,0,0,0,0,0,0,0,1,0,1,0,0,0,0,1,0,0,1,0,0,1,0,0,"(25, 45]"
48,0,3,31.181818181818183,2,0,1,0,3.1214482048688246,2,0,0,0,0,0,0,0,0,0,1,1,0,0,0,0,1,0,0,0,1,0,0,1,0,0,"(25, 45]"
49,0,3,18.0,1,0,0,0,2.9338568698359038,2,1,0,0,0,0,0,0,0,0,1,0,0,1,0,0,0,1,0,0,1,0,1,0,0,0,"(15, 25]"
50,0,3,7.0,4,1,0,0,3.705920919968788,3,0,0,0,0,0,0,0,0,0,1,0,0,1,0,1,0,0,0,0,1,1,0,0,0,0,"(0, 15]"
51,0,3,21.0,0,0,1,1,2.174751721484161,0,0,0,0,0,0,0,0,0,0,1,0,0,1,0,0,1,0,0,0,1,0,1,0,0,0,"(15, 25]"
52,1,1,49.0,1,0,0,0,4.353230991152628,4,1,0,0,0,0,1,0,0,0,0,1,0,0,0,0,0,1,1,0,0,0,0,0,1,0,"(45, 70]"
53,1,2,29.0,1,0,0,0,3.295836866004329,3,1,0,0,0,0,0,0,0,0,1,0,0,1,0,0,0,1,0,1,0,0,0,1,0,0,"(25, 45]"
54,0,1,65.0,0,1,1,0,4.142804513146981,4,0,0,0,1,0,0,0,0,0,0,1,0,0,0,0,1,0,1,0,0,0,0,0,1,0,"(45, 70]"
55,1,1,32.973597359735976,0,0,1,1,3.597312260588446,3,0,0,0,0,1,0,0,0,0,0,0,0,1,0,0,1,0,1,0,0,0,0,1,0,0,"(25, 45]"
56,1,2,21.0,0,0,0,1,2.4423470353692043,1,1,0,0,0,0,0,0,0,0,1,0,0,1,0,0,0,1,0,1,0,0,1,0,0,0,"(15, 25]"
57,0,3,28.5,0,0,1,1,2.1076888046179385,0,0,0,0,0,0,0,0,0,0,1,1,0,0,0,0,1,0,0,0,1,0,0,1,0,0,"(25, 45]"
58,1,2,5.0,1,2,0,0,3.3586377672433594,3,1,0,0,0,0,0,0,0,0,1,0,0,1,0,1,0,0,0,1,0,1,0,0,0,0,"(0, 15]"
59,0,3,11.0,5,2,0,0,3.8691155044168695,4,0,0,0,0,0,0,0,0,0,1,0,0,1,0,1,0,0,0,0,1,1,0,0,0,0,"(0, 15]"
60,0,3,22.0,0,0,1,1,2.1076888046179385,0,0,0,0,0,0,0,0,0,0,1,1,0,0,0,0,1,0,0,0,1,0,1,0,0,0,"(15, 25]"
61,1,1,38.0,0,0,0,1,4.394449154672439,4,1,0,0,1,0,0,0,0,0,0,0,0,0,1,0,0,1,1,0,0,0,0,1,0,0,"(25, 45]"
62,0,1,45.0,1,0,1,0,4.436455632600354,4,0,0,0,0,1,0,0,0,0,0,0,0,1,0,0,1,0,1,0,0,0,0,1,0,0,"(25, 45]"
63,0,3,4.0,3,2,0,0,3.3638415951183864,3,0,0,0,0,0,0,0,0,0,1,0,0,1,0,1,0,0,0,0,1,1,0,0,0,0,"(0, 15]"
64,0,1,32.973597359735976,0,0,1,1,3.357621598945279,3,0,0,0,0,0,0,0,0,0,1,1,0,0,0,0,1,0,1,0,0,0,0,1,0,0,"(25, 45]"
65,1,3,36.0,1,1,1,0,2.7878344138303452,2,0,0,0,0,0,0,0,0,0,1,1,0,0,0,0,1,0,0,0,1,0,0,1,0,0,"(25, 45]"
66,1,2,29.0,0,0,0,1,2.4423470353692043,1,1,0,0,0,0,0,0,1,0,0,0,0,1,0,0,0,1,0,1,0,0,0,1,0,0,"(25, 45]"
67,0,3,19.0,0,0,1,1,2.2146605719425225,1,0,0,0,0,0,0,0,0,0,1,0,0,1,0,0,1,0,0,0,1,0,1,0,0,0,"(15, 25]"
68,1,3,17.0,4,2,0,0,2.188856327665703,1,1,0,0,0,0,0,0,0,0,1,0,0,1,0,0,0,1,0,0,1,0,1,0,0,0,"(15, 25]"
69,0,3,26.0,2,0,1,0,2.2682524139135403,1,0,0,0,0,0,0,0,0,0,1,0,0,1,0,0,1,0,0,0,1,0,0,1,0,0,"(25, 45]"
70,0,2,32.0,0,0,1,1,2.4423470353692043,1,0,0,0,0,0,0,0,0,0,1,0,0,1,0,0,1,0,0,1,0,0,0,1,0,0,"(25, 45]"
71,0,3,16.0,5,2,0,0,3.8691155044168695,4,1,0,0,0,0,0,0,0,0,1,0,0,1,0,0,0,1,0,0,1,0,1,0,0,0,"(15, 25]"
72,0,2,21.0,0,0,1,1,4.310799125385514,4,0,0,0,0,0,0,0,0,0,1,0,0,1,0,0,1,0,0,1,0,0,1,0,0,0,"(15, 25]"
73,0,3,26.0,1,0,1,0,2.737880811060884,2,0,0,0,0,0,0,0,0,0,1,1,0,0,0,0,1,0,0,0,1,0,0,1,0,0,"(25, 45]"
74,1,3,32.0,0,0,1,1,4.05171190165724,4,0,0,0,0,0,0,0,0,0,1,0,0,1,0,0,1,0,0,0,1,0,0,1,0,0,"(25, 45]"
75,0,3,25.0,0,0,1,1,2.157559320943788,0,0,0,0,0,0,0,0,1,0,0,0,0,1,0,0,1,0,0,0,1,0,1,0,0,0,"(15, 25]"
76,0,3,32.973597359735976,0,0,1,1,2.1855792552411137,1,0,0,0,0,0,0,0,0,0,1,0,0,1,0,0,1,0,0,0,1,0,0,1,0,0,"(25, 45]"
77,0,3,32.973597359735976,0,0,1,1,2.2027647577118348,1,0,0,0,0,0,0,0,0,0,1,0,0,1,0,0,1,0,0,0,1,0,0,1,0,0,"(25, 45]"
78,1,2,0.83,0,2,0,0,3.4011973816621555,3,0,0,0,0,0,0,0,0,0,1,0,0,1,0,1,0,0,0,1,0,1,0,0,0,0,"(0, 15]"
79,1,3,30.0,0,0,0,1,2.600836116795061,2,1,0,0,0,0,0,0,0,0,1,0,0,1,0,0,0,1,0,0,1,0,0,1,0,0,"(25, 45]"
80,0,3,22.0,0,0,1,1,2.302585092994046,1,0,0,0,0,0,0,0,0,0,1,0,0,1,0,0,1,0,0,0,1,0,1,0,0,0,"(15, 25]"
81,1,3,29.0,0,0,1,1,2.3513752571634776,1,0,0,0,0,0,0,0,0,0,1,0,0,1,0,0,1,0,0,0,1,0,0,1,0,0,"(25, 45]"
82,1,3,31.08421052631579,0,0,0,1,2.1733302571367834,0,1,0,0,0,0,0,0,0,0,1,0,1,0,0,0,0,1,0,0,1,0,0,1,0,0,"(25, 45]"
83,0,1,28.0,0,0,1,1,3.8732821771117156,4,0,0,0,0,0,0,0,0,0,1,0,0,1,0,0,1,0,1,0,0,0,0,1,0,0,"(25, 45]"
84,1,2,17.0,0,0,0,1,2.4423470353692043,1,1,0,0,0,0,0,0,0,0,1,0,0,1,0,0,0,1,0,1,0,0,1,0,0,0,"(15, 25]"
85,1,3,33.0,3,0,0,0,2.8243506567983707,2,1,0,0,0,0,0,0,0,0,1,0,0,1,0,0,0,1,0,0,1,0,0,1,0,0,"(25, 45]"
86,0,3,16.0,1,3,1,0,3.5660053559634015,3,0,0,0,0,0,0,0,0,0,1,0,0,1,0,0,1,0,0,0,1,0,1,0,0,0,"(15, 25]"
87,0,3,32.973597359735976,0,0,1,1,2.2027647577118348,1,0,0,0,0,0,0,0,0,0,1,0,0,1,0,0,1,0,0,0,1,0,0,1,0,0,"(25, 45]"
88,1,1,23.0,3,2,0,0,5.575949103146316,4,1,0,0,0,1,0,0,0,0,0,0,0,1,0,0,0,1,1,0,0,0,1,0,0,0,"(15, 25]"
89,0,3,24.0,0,0,1,1,2.2027647577118348,1,0,0,0,0,0,0,0,0,0,1,0,0,1,0,0,1,0,0,0,1,0,1,0,0,0,"(15, 25]"
90,0,3,29.0,0,0,1,1,2.2027647577118348,1,0,0,0,0,0,0,0,0,0,1,0,0,1,0,0,1,0,0,0,1,0,0,1,0,0,"(25, 45]"
91,0,3,20.0,0,0,1,1,2.180891922715322,0,0,0,0,0,0,0,0,0,0,1,0,0,1,0,0,1,0,0,0,1,0,1,0,0,0,"(15, 25]"
92,0,1,46.0,1,0,1,0,4.1299529896894684,4,0,0,0,0,0,0,1,0,0,0,0,0,1,0,0,1,0,1,0,0,0,0,0,1,0,"(45, 70]"
93,0,3,26.0,1,2,1,0,3.0715352369694915,2,0,0,0,0,0,0,0,0,0,1,0,0,1,0,0,1,0,0,0,1,0,0,1,0,0,"(25, 45]"
94,0,3,59.0,0,0,1,1,2.1102132003465894,0,0,0,0,0,0,0,0,0,0,1,0,0,1,0,0,1,0,0,0,1,0,0,0,1,0,"(45, 70]"
95,0,3,32.973597359735976,0,0,1,1,2.2027647577118348,1,0,0,0,0,0,0,0,0,0,1,0,0,1,0,0,1,0,0,0,1,0,0,1,0,0,"(25, 45]"
96,0,1,71.0,0,0,1,1,3.57386695198272,3,0,0,1,0,0,0,0,0,0,0,1,0,0,0,0,1,0,1,0,0,0,0,0,0,1,"(70, 100]"
97,1,1,23.0,0,1,1,0,4.164465907853638,4,0,0,0,0,0,1,0,0,0,0,1,0,0,0,0,1,0,1,0,0,0,1,0,0,0,"(15, 25]"
98,1,2,34.0,0,1,0,0,3.1780538303479458,3,1,0,0,0,0,0,0,0,0,1,0,0,1,0,0,0,1,0,1,0,0,0,1,0,0,"(25, 45]"
99,0,2,34.0,1,0,1,0,3.295836866004329,3,0,0,0,0,0,0,0,0,0,1,0,0,1,0,0,1,0,0,1,0,0,0,1,0,0,"(25, 45]"
100,0,3,28.0,0,0,0,1,2.1855792552411137,1,1,0,0,0,0,0,0,0,0,1,0,0,1,0,0,0,1,0,0,1,0,0,1,0,0,"(25, 45]"
101,0,3,32.973597359735976,0,0,1,1,2.1855792552411137,1,0,0,0,0,0,0,0,0,0,1,0,0,1,0,0,1,0,0,0,1,0,0,1,0,0,"(25, 45]"
102,0,1,21.0,0,1,1,0,4.360387947851531,4,0,0,0,0,0,1,0,0,0,0,0,0,1,0,0,1,0,1,0,0,0,1,0,0,0,"(15, 25]"
103,0,3,33.0,0,0,1,1,2.267393053825037,1,0,0,0,0,0,0,0,0,0,1,0,0,1,0,0,1,0,0,0,1,0,0,1,0,0,"(25, 45]"
104,0,3,37.0,2,0,1,0,2.188856327665703,1,0,0,0,0,0,0,0,0,0,1,0,0,1,0,0,1,0,0,0,1,0,0,1,0,0,"(25, 45]"
105,0,3,28.0,0,0,1,1,2.1855792552411137,1,0,0,0,0,0,0,0,0,0,1,0,0,1,0,0,1,0,0,0,1,0,0,1,0,0,"(25, 45]"
106,1,3,21.0,0,0,0,1,2.157559320943788,0,1,0,0,0,0,0,0,0,0,1,0,0,1,0,0,0,1,0,0,1,0,1,0,0,0,"(15, 25]"
107,1,3,32.973597359735976,0,0,1,1,2.1719067693519296,0,0,0,0,0,0,0,0,0,0,1,0,0,1,0,0,1,0,0,0,1,0,0,1,0,0,"(25, 45]"
108,0,3,38.0,0,0,1,1,2.1855792552411137,1,0,0,0,0,0,0,0,0,0,1,0,0,1,0,0,1,0,0,0,1,0,0,1,0,0,"(25, 45]"
109,1,3,33.355555555555554,1,0,0,0,3.224857896545748,3,1,0,0,0,0,0,0,0,0,1,0,1,0,0,0,0,1,0,0,1,0,0,1,0,0,"(25, 45]"
110,0,1,47.0,0,0,1,1,3.970291913552122,4,0,0,0,0,1,0,0,0,0,0,0,0,1,0,0,1,0,1,0,0,0,0,0,1,0,"(45, 70]"
111,0,3,14.5,1,0,0,0,2.737880811060884,2,1,0,0,0,0,0,0,0,0,1,1,0,0,0,1,0,0,0,0,1,1,0,0,0,0,"(0, 15]"
112,0,3,22.0,0,0,1,1,2.2027647577118348,1,0,0,0,0,0,0,0,0,0,1,0,0,1,0,0,1,0,0,0,1,0,1,0,0,0,"(15, 25]"
113,0,3,20.0,1,0,0,0,2.3818582738885534,1,1,0,0,0,0,0,0,0,0,1,0,0,1,0,0,0,1,0,0,1,0,1,0,0,0,"(15, 25]"
114,0,3,17.0,0,0,0,1,2.738146075922933,2,1,0,0,0,0,0,0,0,0,1,1,0,0,0,0,0,1,0,0,1,0,1,0,0,0,"(15, 25]"
115,0,3,21.0,0,0,1,1,2.188856327665703,1,0,0,0,0,0,0,0,0,0,1,0,0,1,0,0,1,0,0,0,1,0,1,0,0,0,"(15, 25]"
116,0,3,70.5,0,0,1,1,2.169053700369523,0,0,0,0,0,0,0,0,0,0,1,0,1,0,0,0,1,0,0,0,1,0,0,0,0,1,"(70, 100]"
117,0,2,29.0,1,0,1,0,3.091042453358316,2,0,0,0,0,0,0,0,0,0,1,0,0,1,0,0,1,0,0,1,0,0,0,1,0,0,"(25, 45]"
118,0,1,24.0,0,1,1,0,5.515526544247129,4,0,0,0,1,0,0,0,0,0,0,1,0,0,0,0,1,0,1,0,0,0,1,0,0,0,"(15, 25]"
119,0,3,2.0,4,2,0,0,3.4742929367327062,3,1,0,0,0,0,0,0,0,0,1,0,0,1,0,1,0,0,0,0,1,1,0,0,0,0,"(0, 15]"
120,0,2,21.0,2,0,1,0,4.310799125385514,4,0,0,0,0,0,0,0,0,0,1,0,0,1,0,0,1,0,0,1,0,0,1,0,0,0,"(15, 25]"
121,0,3,32.973597359735976,0,0,1,1,2.2027647577118348,1,0,0,0,0,0,0,0,0,0,1,0,0,1,0,0,1,0,0,0,1,0,0,1,0,0,"(25, 45]"
122,0,2,32.5,1,0,1,0,3.436268471383741,3,0,0,0,0,0,0,0,0,0,1,1,0,0,0,0,1,0,0,1,0,0,0,1,0,0,"(25, 45]"
123,1,2,32.5,0,0,0,1,2.6390573296152584,2,1,0,0,0,0,0,1,0,0,0,0,0,1,0,0,0,1,0,1,0,0,0,1,0,0,"(25, 45]"
124,0,1,54.0,0,1,1,0,4.360387947851531,4,0,0,0,0,0,1,0,0,0,0,0,0,1,0,0,1,0,1,0,0,0,0,0,1,0,"(45, 70]"
125,1,3,12.0,1,0,0,0,2.5048481563289,2,0,0,0,0,0,0,0,0,0,1,1,0,0,0,1,0,0,0,0,1,1,0,0,0,0,"(0, 15]"
126,0,3,32.973597359735976,0,0,1,1,2.169053700369523,0,0,0,0,0,0,0,0,0,0,1,0,1,0,0,0,1,0,0,0,1,0,0,1,0,0,"(25, 45]"
127,1,3,24.0,0,0,1,1,2.0969990034181696,0,0,0,0,0,0,0,0,0,0,1,0,0,1,0,0,1,0,0,0,1,0,1,0,0,0,"(15, 25]"
128,1,3,35.45,1,1,0,0,3.1509523813392697,3,1,0,0,0,0,0,0,1,0,0,1,0,0,0,0,0,1,0,0,1,0,0,1,0,0,"(25, 45]"
129,0,3,45.0,0,0,1,1,2.076311648670908,0,0,0,0,0,0,0,0,0,0,1,0,0,1,0,0,1,0,0,0,1,0,0,1,0,0,"(25, 45]"
130,0,3,33.0,0,0,1,1,2.1855792552411137,1,0,0,0,0,0,0,0,0,0,1,1,0,0,0,0,1,0,0,0,1,0,0,1,0,0,"(25, 45]"
131,0,3,20.0,0,0,1,1,2.085672091430472,0,0,0,0,0,0,0,0,0,0,1,0,0,1,0,0,1,0,0,0,1,0,1,0,0,0,"(15, 25]"
132,0,3,47.0,1,0,0,0,2.740840023925201,2,1,0,0,0,0,0,0,0,0,1,0,0,1,0,0,0,1,0,0,1,0,0,0,1,0,"(45, 70]"
133,1,2,29.0,1,0,0,0,3.295836866004329,3,1,0,0,0,0,0,0,0,0,1,0,0,1,0,0,0,1,0,1,0,0,0,1,0,0,"(25, 45]"
134,0,2,25.0,0,0,1,1,2.6390573296152584,2,0,0,0,0,0,0,0,0,0,1,0,0,1,0,0,1,0,0,1,0,0,1,0,0,0,"(15, 25]"
135,0,2,23.0,0,0,1,1,2.775447133088262,2,0,0,0,0,0,0,0,0,0,1,1,0,0,0,0,1,0,0,1,0,0,1,0,0,0,"(15, 25]"
136,1,1,19.0,0,2,0,0,3.3062747934011893,3,1,0,0,0,0,1,0,0,0,0,0,0,1,0,0,0,1,1,0,0,0,1,0,0,0,"(15, 25]"
137,0,1,37.0,1,0,1,0,3.9908341858524357,4,0,0,0,0,1,0,0,0,0,0,0,0,1,0,0,1,0,1,0,0,0,0,1,0,0,"(25, 45]"
138,0,3,16.0,0,0,1,1,2.3240236363515288,1,0,0,0,0,0,0,0,0,0,1,0,0,1,0,0,1,0,0,0,1,0,1,0,0,0,"(15, 25]"
139,0,1,24.0,0,0,1,1,4.384523514872469,4,0,0,0,1,0,0,0,0,0,0,1,0,0,0,0,1,0,1,0,0,0,1,0,0,0,"(15, 25]"
140,0,3,26.833333333333332,0,2,0,0,2.7878344138303452,2,1,0,0,0,0,0,0,0,0,1,1,0,0,0,0,0,1,0,0,1,0,0,1,0,0,"(25, 45]"
141,1,3,22.0,0,0,0,1,2.169053700369523,0,1,0,0,0,0,0,0,0,0,1,0,0,1,0,0,0,1,0,0,1,0,1,0,0,0,"(15, 25]"
142,1,3,24.0,1,0,0,0,2.8243506567983707,2,1,0,0,0,0,0,0,0,0,1,0,0,1,0,0,0,1,0,0,1,0,1,0,0,0,"(15, 25]"
143,0,3,19.0,0,0,1,1,2.0476928433652555,0,0,0,0,0,0,0,0,0,0,1,0,1,0,0,0,1,0,0,0,1,0,1,0,0,0,"(15, 25]"
144,0,2,18.0,0,0,1,1,2.5257286443082556,2,0,0,0,0,0,0,0,0,0,1,0,0,1,0,0,1,0,0,1,0,0,1,0,0,0,"(15, 25]"
145,0,2,19.0,1,1,1,0,3.6309854756950335,3,0,0,0,0,0,0,0,0,0,1,0,0,1,0,0,1,0,0,1,0,0,1,0,0,0,"(15, 25]"
146,1,3,27.0,0,0,1,1,2.174274334826008,0,0,0,0,0,0,0,0,0,0,1,0,0,1,0,0,1,0,0,0,1,0,0,1,0,0,"(25, 45]"
147,0,3,9.0,2,2,0,0,3.5660053559634015,3,1,0,0,0,0,0,0,0,0,1,0,0,1,0,1,0,0,0,0,1,1,0,0,0,0,"(0, 15]"
148,0,2,36.5,0,2,1,0,3.295836866004329,3,0,0,0,0,0,0,0,1,0,0,0,0,1,0,0,1,0,0,1,0,0,0,1,0,0,"(25, 45]"
149,0,2,42.0,0,0,1,1,2.6390573296152584,2,0,0,0,0,0,0,0,0,0,1,0,0,1,0,0,1,0,0,1,0,0,0,1,0,0,"(25, 45]"
150,0,2,51.0,0,0,1,1,2.6045398247325453,2,0,0,0,0,0,0,0,0,0,1,0,0,1,0,0,1,0,0,1,0,0,0,0,1,0,"(45, 70]"
151,1,1,22.0,1,0,0,0,4.213607983048918,4,1,0,0,0,1,0,0,0,0,0,0,0,1,0,0,0,1,1,0,0,0,1,0,0,0,"(15, 25]"
152,0,3,55.5,0,0,1,1,2.2027647577118348,1,0,0,0,0,0,0,0,0,0,1,0,0,1,0,0,1,0,0,0,1,0,0,0,1,0,"(45, 70]"
153,0,3,40.5,0,2,1,0,2.740840023925201,2,0,0,0,0,0,0,0,0,0,1,0,0,1,0,0,1,0,0,0,1,0,0,1,0,0,"(25, 45]"
154,0,3,32.973597359735976,0,0,1,1,2.1177604059819726,0,0,0,0,0,0,0,0,0,0,1,0,0,1,0,0,1,0,0,0,1,0,0,1,0,0,"(25, 45]"
155,0,1,51.0,0,1,1,0,4.133231886474144,4,0,0,0,0,0,0,0,0,0,1,1,0,0,0,0,1,0,1,0,0,0,0,0,1,0,"(45, 70]"
156,1,3,16.0,0,0,0,1,2.167143305297764,0,1,0,0,0,0,0,0,0,0,1,0,1,0,0,0,0,1,0,0,1,0,1,0,0,0,"(15, 25]"
157,0,3,30.0,0,0,1,1,2.2027647577118348,1,0,0,0,0,0,0,0,0,0,1,0,0,1,0,0,1,0,0,0,1,0,0,1,0,0,"(25, 45]"
158,0,3,32.973597359735976,0,0,1,1,2.2682524139135403,1,0,0,0,0,0,0,0,0,0,1,0,0,1,0,0,1,0,0,0,1,0,0,1,0,0,"(25, 45]"
159,0,3,6.369518072289157,8,2,1,0,4.256321678298823,4,0,0,0,0,0,0,0,0,0,1,0,0,1,0,0,1,0,0,0,1,1,0,0,0,0,"(0, 15]"
160,0,3,44.0,0,1,1,0,2.8390784635086144,2,0,0,0,0,0,0,0,0,0,1,0,0,1,0,0,1,0,0,0,1,0,0,1,0,0,"(25, 45]"
161,1,2,40.0,0,0,0,1,2.8183982582710754,2,1,0,0,0,0,0,0,0,0,1,0,0,1,0,0,0,1,0,1,0,0,0,1,0,0,"(25, 45]"
162,0,3,26.0,0,0,1,1,2.1719067693519296,0,0,0,0,0,0,0,0,0,0,1,0,0,1,0,0,1,0,0,0,1,0,0,1,0,0,"(25, 45]"
163,0,3,17.0,0,0,1,1,2.2682524139135403,1,0,0,0,0,0,0,0,0,0,1,0,0,1,0,0,1,0,0,0,1,0,1,0,0,0,"(15, 25]"
164,0,3,1.0,4,1,0,0,3.705920919968788,3,0,0,0,0,0,0,0,0,0,1,0,0,1,0,1,0,0,0,0,1,1,0,0,0,0,"(0, 15]"
165,1,3,9.0,0,2,0,0,3.0692150503137943,2,0,0,0,0,0,0,0,0,0,1,0,0,1,0,1,0,0,0,0,1,1,0,0,0,0,"(0, 15]"
166,1,1,34.1764705882353,0,1,0,0,4.02535169073515,4,1,0,0,0,0,0,1,0,0,0,0,0,1,0,0,0,1,1,0,0,0,0,1,0,0,"(25, 45]"
167,0,3,45.0,1,4,0,0,3.3638415951183864,3,1,0,0,0,0,0,0,0,0,1,0,0,1,0,0,0,1,0,0,1,0,0,1,0,0,"(25, 45]"
168,0,1,32.973597359735976,0,0,1,1,3.2930552230424524,3,0,0,0,0,0,0,0,0,0,1,0,0,1,0,0,1,0,1,0,0,0,0,1,0,0,"(25, 45]"
169,0,3,28.0,0,0,1,1,4.05171190165724,4,0,0,0,0,0,0,0,0,0,1,0,0,1,0,0,1,0,0,0,1,0,0,1,0,0,"(25, 45]"
170,0,1,61.0,0,0,1,1,3.5409593240373143,3,0,0,0,1,0,0,0,0,0,0,0,0,1,0,0,1,0,1,0,0,0,0,0,1,0,"(45, 70]"
171,0,3,4.0,4,1,0,0,3.405355391810819,3,0,0,0,0,0,0,0,0,0,1,0,1,0,0,1,0,0,0,0,1,1,0,0,0,0,"(0, 15]"
172,1,3,1.0,1,1,0,0,2.495953738718064,2,1,0,0,0,0,0,0,0,0,1,0,0,1,0,1,0,0,0,0,1,1,0,0,0,0,"(0, 15]"
173,0,3,21.0,0,0,1,1,2.188856327665703,1,0,0,0,0,0,0,0,0,0,1,0,0,1,0,0,1,0,0,0,1,0,1,0,0,0,"(15, 25]"
174,0,1,56.0,0,0,1,1,3.4561841799918147,3,0,0,1,0,0,0,0,0,0,0,1,0,0,0,0,1,0,1,0,0,0,0,0,1,0,"(45, 70]"
175,0,3,18.0,1,1,1,0,2.180891922715322,0,0,0,0,0,0,0,0,0,0,1,0,0,1,0,0,1,0,0,0,1,0,1,0,0,0,"(15, 25]"
176,0,3,4.333333333333333,3,1,1,0,3.275887339030031,3,0,0,0,0,0,0,0,0,0,1,0,0,1,0,0,1,0,0,0,1,1,0,0,0,0,"(0, 15]"
177,0,1,50.0,0,0,0,1,3.391567832686312,3,1,0,0,0,1,0,0,0,0,0,1,0,0,0,0,0,1,1,0,0,0,0,0,1,0,"(45, 70]"
178,0,2,30.0,0,0,1,1,2.6390573296152584,2,0,0,0,0,0,0,0,0,0,1,0,0,1,0,0,1,0,0,1,0,0,0,1,0,0,"(25, 45]"
179,0,3,36.0,0,0,1,1,0.0,0,0,0,0,0,0,0,0,0,0,1,0,0,1,0,0,1,0,0,0,1,0,0,1,0,0,"(25, 45]"
180,0,3,6.369518072289157,8,2,0,0,4.256321678298823,4,1,0,0,0,0,0,0,0,0,1,0,0,1,0,0,0,1,0,0,1,1,0,0,0,0,"(0, 15]"
181,0,2,32.973597359735976,0,0,1,1,2.775708849576025,2,0,0,0,0,0,0,0,0,0,1,1,0,0,0,0,1,0,0,1,0,0,0,1,0,0,"(25, 45]"
182,0,3,9.0,4,2,0,0,3.4777725458882283,3,0,0,0,0,0,0,0,0,0,1,0,0,1,0,1,0,0,0,0,1,1,0,0,0,0,"(0, 15]"
183,1,2,1.0,2,1,0,0,3.6888794541139363,3,0,0,0,0,0,0,0,1,0,0,0,0,1,0,1,0,0,0,1,0,1,0,0,0,0,"(0, 15]"
184,1,3,4.0,0,2,0,0,3.1365805821413706,3,1,0,0,0,0,0,0,0,0,1,0,0,1,0,1,0,0,0,0,1,1,0,0,0,0,"(0, 15]"
185,0,1,32.973597359735976,0,0,1,1,3.9318256327243257,4,0,0,1,0,0,0,0,0,0,0,0,0,1,0,0,1,0,1,0,0,0,0,1,0,0,"(25, 45]"
186,1,3,33.355555555555554,1,0,0,0,2.803360380906535,2,1,0,0,0,0,0,0,0,0,1,0,1,0,0,0,0,1,0,0,1,0,0,1,0,0,"(25, 45]"
187,1,1,45.0,0,0,1,1,3.3160025355989236,3,0,0,0,0,0,0,0,0,0,1,0,0,1,0,0,1,0,1,0,0,0,0,1,0,0,"(25, 45]"
188,0,3,40.0,1,1,1,0,2.803360380906535,2,0,0,0,0,0,0,0,0,0,1,0,1,0,0,0,1,0,0,0,1,0,0,1,0,0,"(25, 45]"
189,0,3,36.0,0,0,1,1,2.1855792552411137,1,0,0,0,0,0,0,0,0,0,1,0,0,1,0,0,1,0,0,0,1,0,0,1,0,0,"(25, 45]"
190,1,2,32.0,0,0,0,1,2.6390573296152584,2,1,0,0,0,0,0,0,0,0,1,0,0,1,0,0,0,1,0,1,0,0,0,1,0,0,"(25, 45]"
191,0,2,19.0,0,0,1,1,2.6390573296152584,2,0,0,0,0,0,0,0,0,0,1,0,0,1,0,0,1,0,0,1,0,0,1,0,0,0,"(15, 25]"
192,1,3,19.0,1,0,0,0,2.180891922715322,0,1,0,0,0,0,0,0,0,0,1,0,0,1,0,0,0,1,0,0,1,0,1,0,0,0,"(15, 25]"
193,1,2,3.0,1,1,0,0,3.295836866004329,3,0,0,0,0,0,0,0,1,0,0,0,0,1,0,1,0,0,0,1,0,1,0,0,0,0,"(0, 15]"
194,1,1,44.0,0,0,0,1,3.357621598945279,3,1,0,0,1,0,0,0,0,0,0,1,0,0,0,0,0,1,1,0,0,0,0,1,0,0,"(25, 45]"
195,1,1,58.0,0,0,0,1,4.993969182787072,4,1,0,0,1,0,0,0,0,0,0,1,0,0,0,0,0,1,1,0,0,0,0,0,1,0,"(45, 70]"
196,0,3,32.973597359735976,0,0,1,1,2.169053700369523,0,0,0,0,0,0,0,0,0,0,1,0,1,0,0,0,1,0,0,0,1,0,0,1,0,0,"(25, 45]"
197,0,3,42.0,0,1,1,0,2.2411563979973974,1,0,0,0,0,0,0,0,0,0,1,0,0,1,0,0,1,0,0,0,1,0,0,1,0,0,"(25, 45]"
198,1,3,31.08421052631579,0,0,0,1,2.169053700369523,0,1,0,0,0,0,0,0,0,0,1,0,1,0,0,0,0,1,0,0,1,0,0,1,0,0,"(25, 45]"
199,0,2,24.0,0,0,0,1,2.6390573296152584,2,1,0,0,0,0,0,0,0,0,1,0,0,1,0,0,0,1,0,1,0,0,1,0,0,0,"(15, 25]"
200,0,3,28.0,0,0,1,1,2.3513752571634776,1,0,0,0,0,0,0,0,0,0,1,0,0,1,0,0,1,0,0,0,1,0,0,1,0,0,"(25, 45]"
201,0,3,6.369518072289157,8,2,1,0,4.256321678298823,4,0,0,0,0,0,0,0,0,0,1,0,0,1,0,0,1,0,0,0,1,1,0,0,0,0,"(0, 15]"
202,0,3,34.0,0,0,1,1,2.0143428636837015,0,0,0,0,0,0,0,0,0,0,1,0,0,1,0,0,1,0,0,0,1,0,0,1,0,0,"(25, 45]"
203,0,3,45.5,0,0,1,1,2.1071782966514356,0,0,0,0,0,0,0,0,0,0,1,1,0,0,0,0,1,0,0,0,1,0,0,0,1,0,"(45, 70]"
204,1,3,18.0,0,0,1,1,2.2027647577118348,1,0,0,0,0,0,0,0,0,0,1,0,0,1,0,0,1,0,0,0,1,0,1,0,0,0,"(15, 25]"
205,0,3,2.0,0,1,0,0,2.4390808375825834,1,1,0,0,0,0,0,0,0,1,0,0,0,1,0,1,0,0,0,0,1,1,0,0,0,0,"(0, 15]"
206,0,3,32.0,1,0,1,0,2.8243506567983707,2,0,0,0,0,0,0,0,0,0,1,0,0,1,0,0,1,0,0,0,1,0,0,1,0,0,"(25, 45]"
207,1,3,26.0,0,0,1,1,2.9850504252071306,2,0,0,0,0,0,0,0,0,0,1,1,0,0,0,0,1,0,0,0,1,0,0,1,0,0,"(25, 45]"
208,1,3,16.0,0,0,0,1,2.169053700369523,0,1,0,0,0,0,0,0,0,0,1,0,1,0,0,0,0,1,0,0,1,0,1,0,0,0,"(15, 25]"
209,1,1,40.0,0,0,1,1,3.4657359027997265,3,0,0,1,0,0,0,0,0,0,0,1,0,0,0,0,1,0,1,0,0,0,0,1,0,0,"(25, 45]"
210,0,3,24.0,0,0,1,1,2.085672091430472,0,0,0,0,0,0,0,0,0,0,1,0,0,1,0,0,1,0,0,0,1,0,1,0,0,0,"(15, 25]"
211,1,2,35.0,0,0,0,1,3.091042453358316,2,1,0,0,0,0,0,0,0,0,1,0,0,1,0,0,0,1,0,1,0,0,0,1,0,0,"(25, 45]"
212,0,3,22.0,0,0,1,1,2.1102132003465894,0,0,0,0,0,0,0,0,0,0,1,0,0,1,0,0,1,0,0,0,1,0,1,0,0,0,"(15, 25]"
213,0,2,30.0,0,0,1,1,2.6390573296152584,2,0,0,0,0,0,0,0,0,0,1,0,0,1,0,0,1,0,0,1,0,0,0,1,0,0,"(25, 45]"
214,0,3,32.70192307692308,1,0,1,0,2.169053700369523,0,0,0,0,0,0,0,0,0,0,1,0,1,0,0,0,1,0,0,0,1,0,0,1,0,0,"(25, 45]"
215,1,1,31.0,1,0,0,0,4.738607824217808,4,1,0,0,0,0,1,0,0,0,0,1,0,0,0,0,0,1,1,0,0,0,0,1,0,0,"(25, 45]"
216,1,3,27.0,0,0,0,1,2.188856327665703,1,1,0,0,0,0,0,0,0,0,1,0,0,1,0,0,0,1,0,0,1,0,0,1,0,0,"(25, 45]"
217,0,2,42.0,1,0,1,0,3.332204510175204,3,0,0,0,0,0,0,0,0,0,1,0,0,1,0,0,1,0,0,1,0,0,0,1,0,0,"(25, 45]"
218,1,1,32.0,0,0,0,1,4.347586575960343,4,1,0,0,0,0,1,0,0,0,0,1,0,0,0,0,0,1,1,0,0,0,0,1,0,0,"(25, 45]"
219,0,2,30.0,0,0,1,1,2.4423470353692043,1,0,0,0,0,0,0,0,0,0,1,0,0,1,0,0,1,0,0,1,0,0,0,1,0,0,"(25, 45]"
220,1,3,16.0,0,0,1,1,2.2027647577118348,1,0,0,0,0,0,0,0,0,0,1,0,0,1,0,0,1,0,0,0,1,0,1,0,0,0,"(15, 25]"
221,0,2,27.0,0,0,1,1,2.6390573296152584,2,0,0,0,0,0,0,0,0,0,1,0,0,1,0,0,1,0,0,1,0,0,0,1,0,0,"(25, 45]"
222,0,3,51.0,0,0,1,1,2.2027647577118348,1,0,0,0,0,0,0,0,0,0,1,0,0,1,0,0,1,0,0,0,1,0,0,0,1,0,"(45, 70]"
223,0,3,32.973597359735976,0,0,1,1,2.1855792552411137,1,0,0,0,0,0,0,0,0,0,1,0,0,1,0,0,1,0,0,0,1,0,0,1,0,0,"(25, 45]"
224,1,1,38.0,1,0,1,0,4.51085950651685,4,0,0,0,0,1,0,0,0,0,0,0,0,1,0,0,1,0,1,0,0,0,0,1,0,0,"(25, 45]"
225,0,3,22.0,0,0,1,1,2.336986519711378,1,0,0,0,0,0,0,0,0,0,1,0,0,1,0,0,1,0,0,0,1,0,1,0,0,0,"(15, 25]"
226,1,2,19.0,0,0,1,1,2.4423470353692043,1,0,0,0,0,0,0,0,0,0,1,0,0,1,0,0,1,0,0,1,0,0,1,0,0,0,"(15, 25]"
227,0,3,20.5,0,0,1,1,2.1102132003465894,0,0,0,0,0,0,0,0,0,0,1,0,0,1,0,0,1,0,0,0,1,0,1,0,0,0,"(15, 25]"
228,0,2,18.0,0,0,1,1,2.6390573296152584,2,0,0,0,0,0,0,0,0,0,1,0,0,1,0,0,1,0,0,1,0,0,1,0,0,0,"(15, 25]"
229,0,3,4.333333333333333,3,1,0,0,3.275887339030031,3,1,0,0,0,0,0,0,0,0,1,0,0,1,0,0,0,1,0,0,1,1,0,0,0,0,"(0, 15]"
230,1,1,35.0,1,0,0,0,4.436455632600354,4,1,0,0,0,1,0,0,0,0,0,0,0,1,0,0,0,1,1,0,0,0,0,1,0,0,"(25, 45]"
231,0,3,29.0,0,0,1,1,2.1719067693519296,0,0,0,0,0,0,0,0,0,0,1,0,0,1,0,0,1,0,0,0,1,0,0,1,0,0,"(25, 45]"
232,0,2,59.0,0,0,1,1,2.6741486494265287,2,0,0,0,0,0,0,0,0,0,1,0,0,1,0,0,1,0,0,1,0,0,0,0,1,0,"(45, 70]"
233,1,3,5.0,4,2,0,0,3.4777725458882283,3,1,0,0,0,0,0,0,0,0,1,0,0,1,0,1,0,0,0,0,1,1,0,0,0,0,"(0, 15]"
234,0,2,24.0,0,0,1,1,2.4423470353692043,1,0,0,0,0,0,0,0,0,0,1,0,0,1,0,0,1,0,0,1,0,0,1,0,0,0,"(15, 25]"
235,0,3,31.08421052631579,0,0,0,1,2.145931282948669,0,1,0,0,0,0,0,0,0,0,1,0,0,1,0,0,0,1,0,0,1,0,0,1,0,0,"(25, 45]"
236,0,2,44.0,1,0,1,0,3.295836866004329,3,0,0,0,0,0,0,0,0,0,1,0,0,1,0,0,1,0,0,1,0,0,0,1,0,0,"(25, 45]"
237,1,2,8.0,0,2,0,0,3.305053521109253,3,1,0,0,0,0,0,0,0,0,1,0,0,1,0,1,0,0,0,1,0,1,0,0,0,0,"(0, 15]"
238,0,2,19.0,0,0,1,1,2.4423470353692043,1,0,0,0,0,0,0,0,0,0,1,0,0,1,0,0,1,0,0,1,0,0,1,0,0,0,"(15, 25]"
239,0,2,33.0,0,0,1,1,2.5858825671280026,2,0,0,0,0,0,0,0,0,0,1,0,0,1,0,0,1,0,0,1,0,0,0,1,0,0,"(25, 45]"
240,0,3,33.355555555555554,1,0,0,0,2.737880811060884,2,1,0,0,0,0,0,0,0,0,1,1,0,0,0,0,0,1,0,0,1,0,0,1,0,0,"(25, 45]"
241,1,3,33.355555555555554,1,0,0,0,2.803360380906535,2,1,0,0,0,0,0,0,0,0,1,0,1,0,0,0,0,1,0,0,1,0,0,1,0,0,"(25, 45]"
242,0,2,29.0,0,0,1,1,2.4423470353692043,1,0,0,0,0,0,0,0,0,0,1,0,0,1,0,0,1,0,0,1,0,0,0,1,0,0,"(25, 45]"
243,0,3,22.0,0,0,1,1,2.094945728215801,0,0,0,0,0,0,0,0,0,0,1,0,0,1,0,0,1,0,0,0,1,0,1,0,0,0,"(15, 25]"
244,0,3,30.0,0,0,1,1,2.1071782966514356,0,0,0,0,0,0,0,0,0,0,1,1,0,0,0,0,1,0,0,0,1,0,0,1,0,0,"(25, 45]"
245,0,1,44.0,2,0,1,0,4.51085950651685,4,0,0,0,0,1,0,0,0,0,0,0,1,0,0,0,1,0,1,0,0,0,0,1,0,0,"(25, 45]"
246,0,3,25.0,0,0,0,1,2.1719067693519296,0,1,0,0,0,0,0,0,0,0,1,0,0,1,0,0,0,1,0,0,1,0,1,0,0,0,"(15, 25]"
247,1,2,24.0,0,2,0,0,2.740840023925201,2,1,0,0,0,0,0,0,0,0,1,0,0,1,0,0,0,1,0,1,0,0,1,0,0,0,"(15, 25]"
248,1,1,37.0,1,1,1,0,3.9806942251907276,4,0,0,0,0,0,1,0,0,0,0,0,0,1,0,0,1,0,1,0,0,0,0,1,0,0,"(25, 45]"
249,0,2,54.0,1,0,1,0,3.295836866004329,3,0,0,0,0,0,0,0,0,0,1,0,0,1,0,0,1,0,0,1,0,0,0,0,1,0,"(45, 70]"
250,0,3,32.973597359735976,0,0,1,1,2.1102132003465894,0,0,0,0,0,0,0,0,0,0,1,0,0,1,0,0,1,0,0,0,1,0,0,1,0,0,"(25, 45]"
251,0,3,29.0,1,1,0,0,2.4390808375825834,1,1,0,0,0,0,0,0,0,1,0,0,0,1,0,0,0,1,0,0,1,0,0,1,0,0,"(25, 45]"
252,0,1,62.0,0,0,1,1,3.3160025355989236,3,0,0,0,0,1,0,0,0,0,0,0,0,1,0,0,1,0,1,0,0,0,0,0,1,0,"(45, 70]"
253,0,3,30.0,1,0,1,0,2.8390784635086144,2,0,0,0,0,0,0,0,0,0,1,0,0,1,0,0,1,0,0,0,1,0,0,1,0,0,"(25, 45]"
254,0,3,41.0,0,2,0,0,3.0545906305603445,2,1,0,0,0,0,0,0,0,0,1,0,0,1,0,0,0,1,0,0,1,0,0,1,0,0,"(25, 45]"
255,1,3,29.0,0,2,0,0,2.7878344138303452,2,1,0,0,0,0,0,0,0,0,1,1,0,0,0,0,0,1,0,0,1,0,0,1,0,0,"(25, 45]"
256,1,1,31.08421052631579,0,0,0,1,4.384523514872469,4,1,0,0,0,0,0,0,0,0,1,1,0,0,0,0,0,1,1,0,0,0,0,1,0,0,"(25, 45]"
257,1,1,30.0,0,0,0,1,4.471638793363569,4,1,0,0,1,0,0,0,0,0,0,0,0,1,0,0,0,1,1,0,0,0,0,1,0,0,"(25, 45]"
258,1,1,35.0,0,0,0,1,6.240917354759096,4,1,0,0,0,0,0,0,0,0,1,1,0,0,0,0,0,1,1,0,0,0,0,1,0,0,"(25, 45]"
259,1,2,50.0,0,1,0,0,3.295836866004329,3,1,0,0,0,0,0,0,0,0,1,0,0,1,0,0,0,1,0,1,0,0,0,0,1,0,"(45, 70]"
260,0,3,32.973597359735976,0,0,1,1,2.169053700369523,0,0,0,0,0,0,0,0,0,0,1,0,1,0,0,0,1,0,0,0,1,0,0,1,0,0,"(25, 45]"
261,1,3,3.0,4,2,0,0,3.4777725458882283,3,0,0,0,0,0,0,0,0,0,1,0,0,1,0,1,0,0,0,0,1,1,0,0,0,0,"(0, 15]"
262,0,1,52.0,1,1,1,0,4.390118804571218,4,0,0,0,0,0,0,1,0,0,0,0,0,1,0,0,1,0,1,0,0,0,0,0,1,0,"(45, 70]"
263,0,1,40.0,0,0,1,1,0.0,0,0,0,0,1,0,0,0,0,0,0,0,0,1,0,0,1,0,1,0,0,0,0,1,0,0,"(25, 45]"
264,0,3,31.08421052631579,0,0,0,1,2.169053700369523,0,1,0,0,0,0,0,0,0,0,1,0,1,0,0,0,0,1,0,0,1,0,0,1,0,0,"(25, 45]"
265,0,2,36.0,0,0,1,1,2.4423470353692043,1,0,0,0,0,0,0,0,0,0,1,0,0,1,0,0,1,0,0,1,0,0,0,1,0,0,"(25, 45]"
266,0,3,16.0,4,1,1,0,3.705920919968788,3,0,0,0,0,0,0,0,0,0,1,0,0,1,0,0,1,0,0,0,1,0,1,0,0,0,"(15, 25]"
267,1,3,25.0,1,0,1,0,2.1719067693519296,0,0,0,0,0,0,0,0,0,0,1,0,0,1,0,0,1,0,0,0,1,0,1,0,0,0,"(15, 25]"
268,1,1,58.0,0,1,0,0,5.039951348430309,4,1,0,0,0,1,0,0,0,0,0,0,0,1,0,0,0,1,1,0,0,0,0,0,1,0,"(45, 70]"
269,1,1,35.0,0,0,0,1,4.91730069488021,4,1,0,0,0,1,0,0,0,0,0,0,0,1,0,0,0,1,1,0,0,0,0,1,0,0,"(25, 45]"
270,0,1,32.973597359735976,0,0,1,1,3.4657359027997265,3,0,0,0,0,0,0,0,0,0,1,0,0,1,0,0,1,0,1,0,0,0,0,1,0,0,"(25, 45]"
271,1,3,25.0,0,0,1,1,0.0,0,0,0,0,0,0,0,0,0,0,1,0,0,1,0,0,1,0,0,0,1,0,1,0,0,0,"(15, 25]"
272,1,2,41.0,0,1,0,0,3.0204248861443626,2,1,0,0,0,0,0,0,0,0,1,0,0,1,0,0,0,1,0,1,0,0,0,1,0,0,"(25, 45]"
273,0,1,37.0,0,1,1,0,3.4242626545931514,3,0,0,0,0,1,0,0,0,0,0,1,0,0,0,0,1,0,1,0,0,0,0,1,0,0,"(25, 45]"
274,1,3,31.08421052631579,0,0,0,1,2.169053700369523,0,1,0,0,0,0,0,0,0,0,1,0,1,0,0,0,0,1,0,0,1,0,0,1,0,0,"(25, 45]"
275,1,1,63.0,1,0,0,0,4.368919865004903,4,1,0,0,0,0,1,0,0,0,0,0,0,1,0,0,0,1,1,0,0,0,0,0,1,0,"(45, 70]"
276,0,3,45.0,0,0,0,1,2.169053700369523,0,1,0,0,0,0,0,0,0,0,1,0,0,1,0,0,0,1,0,0,1,0,0,1,0,0,"(25, 45]"
277,0,2,32.973597359735976,0,0,1,1,0.0,0,0,0,0,0,0,0,0,0,0,1,0,0,1,0,0,1,0,0,1,0,0,0,1,0,0,"(25, 45]"
278,0,3,7.0,4,1,0,0,3.405355391810819,3,0,0,0,0,0,0,0,0,0,1,0,1,0,0,1,0,0,0,0,1,1,0,0,0,0,"(0, 15]"
279,1,3,35.0,1,1,0,0,3.056356895370426,2,1,0,0,0,0,0,0,0,0,1,0,0,1,0,0,0,1,0,0,1,0,0,1,0,0,"(25, 45]"
280,0,3,65.0,0,0,1,1,2.169053700369523,0,0,0,0,0,0,0,0,0,0,1,0,1,0,0,0,1,0,0,0,1,0,0,0,1,0,"(45, 70]"
281,0,3,28.0,0,0,1,1,2.180891922715322,0,0,0,0,0,0,0,0,0,0,1,0,0,1,0,0,1,0,0,0,1,0,0,1,0,0,"(25, 45]"
282,0,3,16.0,0,0,1,1,2.3513752571634776,1,0,0,0,0,0,0,0,0,0,1,0,0,1,0,0,1,0,0,0,1,0,1,0,0,0,"(15, 25]"
283,1,3,19.0,0,0,1,1,2.2027647577118348,1,0,0,0,0,0,0,0,0,0,1,0,0,1,0,0,1,0,0,0,1,0,1,0,0,0,"(15, 25]"
284,0,1,32.973597359735976,0,0,1,1,3.295836866004329,3,0,0,1,0,0,0,0,0,0,0,0,0,1,0,0,1,0,1,0,0,0,0,1,0,0,"(25, 45]"
285,0,3,33.0,0,0,1,1,2.2682524139135403,1,0,0,0,0,0,0,0,0,0,1,1,0,0,0,0,1,0,0,0,1,0,0,1,0,0,"(25, 45]"
286,1,3,30.0,0,0,1,1,2.3513752571634776,1,0,0,0,0,0,0,0,0,0,1,0,0,1,0,0,1,0,0,0,1,0,0,1,0,0,"(25, 45]"
287,0,3,22.0,0,0,1,1,2.1855792552411137,1,0,0,0,0,0,0,0,0,0,1,0,0,1,0,0,1,0,0,0,1,0,1,0,0,0,"(15, 25]"
288,1,2,42.0,0,0,1,1,2.6390573296152584,2,0,0,0,0,0,0,0,0,0,1,0,0,1,0,0,1,0,0,1,0,0,0,1,0,0,"(25, 45]"
289,1,3,22.0,0,0,0,1,2.169053700369523,0,1,0,0,0,0,0,0,0,0,1,0,1,0,0,0,0,1,0,0,1,0,1,0,0,0,"(15, 25]"
290,1,1,26.0,0,0,0,1,4.380149874661021,4,1,0,0,0,0,0,0,0,0,1,0,0,1,0,0,0,1,1,0,0,0,0,1,0,0,"(25, 45]"
291,1,1,19.0,1,0,0,0,4.5226490762785785,4,1,0,0,1,0,0,0,0,0,0,1,0,0,0,0,0,1,1,0,0,0,1,0,0,0,"(15, 25]"
292,0,2,36.0,0,0,1,1,2.630088659632498,2,0,0,0,0,0,1,0,0,0,0,1,0,0,0,0,1,0,0,1,0,0,0,1,0,0,"(25, 45]"
293,0,3,24.0,0,0,0,1,2.2874714551839976,1,1,0,0,0,0,0,0,0,0,1,0,0,1,0,0,0,1,0,0,1,0,1,0,0,0,"(15, 25]"
294,0,3,24.0,0,0,1,1,2.1855792552411137,1,0,0,0,0,0,0,0,0,0,1,0,0,1,0,0,1,0,0,0,1,0,1,0,0,0,"(15, 25]"
295,0,1,32.973597359735976,0,0,1,1,3.357621598945279,3,0,0,0,0,0,0,0,0,0,1,1,0,0,0,0,1,0,1,0,0,0,0,1,0,0,"(25, 45]"
296,0,3,23.5,0,0,1,1,2.1076888046179385,0,0,0,0,0,0,0,0,0,0,1,1,0,0,0,0,1,0,0,0,1,0,1,0,0,0,"(15, 25]"
297,0,1,2.0,1,2,0,0,5.027492411162679,4,1,0,0,0,1,0,0,0,0,0,0,0,1,0,1,0,0,1,0,0,1,0,0,0,0,"(0, 15]"
298,1,1,32.973597359735976,0,0,1,1,3.449987545831587,3,0,0,0,0,1,0,0,0,0,0,0,0,1,0,0,1,0,1,0,0,0,0,1,0,0,"(25, 45]"
299,1,1,50.0,0,1,0,0,5.515526544247129,4,1,0,0,1,0,0,0,0,0,0,1,0,0,0,0,0,1,1,0,0,0,0,0,1,0,"(45, 70]"
300,1,3,31.08421052631579,0,0,0,1,2.169053700369523,0,1,0,0,0,0,0,0,0,0,1,0,1,0,0,0,0,1,0,0,1,0,0,1,0,0,"(25, 45]"
301,1,3,31.181818181818183,2,0,1,0,3.188416617383492,3,0,0,0,0,0,0,0,0,0,1,0,1,0,0,0,1,0,0,0,1,0,0,1,0,0,"(25, 45]"
302,0,3,19.0,0,0,1,1,0.0,0,0,0,0,0,0,0,0,0,0,1,0,0,1,0,0,1,0,0,0,1,0,1,0,0,0,"(15, 25]"
303,1,2,31.08421052631579,0,0,0,1,2.5915163848462583,2,1,0,0,0,0,0,1,0,0,0,0,1,0,0,0,0,1,0,1,0,0,0,1,0,0,"(25, 45]"
304,0,3,32.973597359735976,0,0,1,1,2.2027647577118348,1,0,0,0,0,0,0,0,0,0,1,0,0,1,0,0,1,0,0,0,1,0,0,1,0,0,"(25, 45]"
305,1,1,0.92,1,2,0,0,5.027492411162679,4,0,0,0,0,1,0,0,0,0,0,0,0,1,0,1,0,0,1,0,0,1,0,0,0,0,"(0, 15]"
306,1,1,31.08421052631579,0,0,0,1,4.717456363787216,4,1,0,0,0,0,0,0,0,0,1,1,0,0,0,0,0,1,1,0,0,0,0,1,0,0,"(25, 45]"
307,1,1,17.0,1,0,0,0,4.699570861409576,4,1,0,0,0,1,0,0,0,0,0,1,0,0,0,0,0,1,1,0,0,0,1,0,0,0,"(15, 25]"
308,0,2,30.0,1,0,1,0,3.2188758248682006,3,0,0,0,0,0,0,0,0,0,1,1,0,0,0,0,1,0,0,1,0,0,0,1,0,0,"(25, 45]"
309,1,1,30.0,0,0,0,1,4.0592215752427645,4,1,0,0,0,0,0,1,0,0,0,1,0,0,0,0,0,1,1,0,0,0,0,1,0,0,"(25, 45]"
310,1,1,24.0,0,0,0,1,4.432699549165613,4,1,0,0,0,1,0,0,0,0,0,1,0,0,0,0,0,1,1,0,0,0,1,0,0,0,"(15, 25]"
311,1,1,18.0,2,2,0,0,5.5735788721243535,4,1,0,0,1,0,0,0,0,0,0,1,0,0,0,0,0,1,1,0,0,0,1,0,0,0,"(15, 25]"
312,0,2,26.0,1,1,0,0,3.295836866004329,3,1,0,0,0,0,0,0,0,0,1,0,0,1,0,0,0,1,0,1,0,0,0,1,0,0,"(25, 45]"
313,0,3,28.0,0,0,1,1,2.1855792552411137,1,0,0,0,0,0,0,0,0,0,1,0,0,1,0,0,1,0,0,0,1,0,0,1,0,0,"(25, 45]"
314,0,2,43.0,1,1,1,0,3.305053521109253,3,0,0,0,0,0,0,0,0,0,1,0,0,1,0,0,1,0,0,1,0,0,0,1,0,0,"(25, 45]"
315,1,3,26.0,0,0,0,1,2.180891922715322,0,1,0,0,0,0,0,0,0,0,1,0,0,1,0,0,0,1,0,0,1,0,0,1,0,0,"(25, 45]"
316,1,2,24.0,1,0,0,0,3.295836866004329,3,1,0,0,0,0,0,0,0,0,1,0,0,1,0,0,0,1,0,1,0,0,1,0,0,0,"(15, 25]"
317,0,2,54.0,0,0,1,1,2.70805020110221,2,0,0,0,0,0,0,0,0,0,1,0,0,1,0,0,1,0,0,1,0,0,0,0,1,0,"(45, 70]"
318,1,1,31.0,0,2,0,0,5.11118445372147,4,1,0,0,0,1,0,0,0,0,0,0,0,1,0,0,0,1,1,0,0,0,0,1,0,0,"(25, 45]"
319,1,1,40.0,1,1,0,0,4.908971640319756,4,1,0,0,0,0,0,1,0,0,0,1,0,0,0,0,0,1,1,0,0,0,0,1,0,0,"(25, 45]"
320,0,3,22.0,0,0,1,1,2.1102132003465894,0,0,0,0,0,0,0,0,0,0,1,0,0,1,0,0,1,0,0,0,1,0,1,0,0,0,"(15, 25]"
321,0,3,27.0,0,0,1,1,2.1855792552411137,1,0,0,0,0,0,0,0,0,0,1,0,0,1,0,0,1,0,0,0,1,0,0,1,0,0,"(25, 45]"
322,1,2,30.0,0,0,0,1,2.5915163848462583,2,1,0,0,0,0,0,0,0,0,1,0,1,0,0,0,0,1,0,1,0,0,0,1,0,0,"(25, 45]"
323,1,2,22.0,1,1,0,0,3.4011973816621555,3,1,0,0,0,0,0,0,0,0,1,0,0,1,0,0,0,1,0,1,0,0,1,0,0,0,"(15, 25]"
324,0,3,6.369518072289157,8,2,1,0,4.256321678298823,4,0,0,0,0,0,0,0,0,0,1,0,0,1,0,0,1,0,0,0,1,1,0,0,0,0,"(0, 15]"
325,1,1,36.0,0,0,0,1,4.91730069488021,4,1,0,0,0,1,0,0,0,0,0,1,0,0,0,0,0,1,1,0,0,0,0,1,0,0,"(25, 45]"
326,0,3,61.0,0,0,1,1,1.9792758428991135,0,0,0,0,0,0,0,0,0,0,1,0,0,1,0,0,1,0,0,0,1,0,0,0,1,0,"(45, 70]"
327,1,2,36.0,0,0,0,1,2.6390573296152584,2,1,0,0,0,0,1,0,0,0,0,0,0,1,0,0,0,1,0,1,0,0,0,1,0,0,"(25, 45]"
328,1,3,31.0,1,1,0,0,3.0692150503137943,2,1,0,0,0,0,0,0,0,0,1,0,0,1,0,0,0,1,0,0,1,0,0,1,0,0,"(25, 45]"
329,1,1,16.0,0,1,0,0,4.077184839375167,4,1,0,0,1,0,0,0,0,0,0,1,0,0,0,0,0,1,1,0,0,0,1,0,0,0,"(15, 25]"
330,1,3,35.5,2,0,0,0,3.188416617383492,3,1,0,0,0,0,0,0,0,0,1,0,1,0,0,0,0,1,0,0,1,0,0,1,0,0,"(25, 45]"
331,0,1,45.5,0,0,1,1,3.3843902633457743,3,0,0,0,0,1,0,0,0,0,0,0,0,1,0,0,1,0,1,0,0,0,0,0,1,0,"(45, 70]"
332,0,1,38.0,0,1,1,0,5.039951348430309,4,0,0,0,0,1,0,0,0,0,0,0,0,1,0,0,1,0,1,0,0,0,0,1,0,0,"(25, 45]"
333,0,3,16.0,2,0,1,0,2.9444389791664403,2,0,0,0,0,0,0,0,0,0,1,0,0,1,0,0,1,0,0,0,1,0,1,0,0,0,"(15, 25]"
334,1,1,33.355555555555554,1,0,0,0,4.902678819257608,4,1,0,0,0,0,0,0,0,0,1,0,0,1,0,0,0,1,1,0,0,0,0,1,0,0,"(25, 45]"
335,0,3,32.973597359735976,0,0,1,1,2.1855792552411137,1,0,0,0,0,0,0,0,0,0,1,0,0,1,0,0,1,0,0,0,1,0,0,1,0,0,"(25, 45]"
336,0,1,29.0,1,0,1,0,4.213607983048918,4,0,0,0,0,1,0,0,0,0,0,0,0,1,0,0,1,0,1,0,0,0,0,1,0,0,"(25, 45]"
337,1,1,41.0,0,0,0,1,4.908971640319756,4,1,0,0,0,0,0,1,0,0,0,1,0,0,0,0,0,1,1,0,0,0,0,1,0,0,"(25, 45]"
338,1,3,45.0,0,0,1,1,2.2027647577118348,1,0,0,0,0,0,0,0,0,0,1,0,0,1,0,0,1,0,0,0,1,0,0,1,0,0,"(25, 45]"
339,0,1,45.0,0,0,1,1,3.597312260588446,3,0,0,0,0,0,0,0,0,0,1,0,0,1,0,0,1,0,1,0,0,0,0,1,0,0,"(25, 45]"
340,1,2,2.0,1,1,0,0,3.295836866004329,3,0,0,0,0,0,0,0,1,0,0,0,0,1,0,1,0,0,0,1,0,1,0,0,0,0,"(0, 15]"
341,1,1,24.0,3,2,0,0,5.575949103146316,4,1,0,0,0,1,0,0,0,0,0,0,0,1,0,0,0,1,1,0,0,0,1,0,0,0,"(15, 25]"
342,0,2,28.0,0,0,1,1,2.6390573296152584,2,0,0,0,0,0,0,0,0,0,1,0,0,1,0,0,1,0,0,1,0,0,0,1,0,0,"(25, 45]"
343,0,2,25.0,0,0,1,1,2.6390573296152584,2,0,0,0,0,0,0,0,0,0,1,0,0,1,0,0,1,0,0,1,0,0,1,0,0,0,"(15, 25]"
344,0,2,36.0,0,0,1,1,2.6390573296152584,2,0,0,0,0,0,0,0,0,0,1,0,0,1,0,0,1,0,0,1,0,0,0,1,0,0,"(25, 45]"
345,1,2,24.0,0,0,0,1,2.6390573296152584,2,1,0,0,0,0,0,0,1,0,0,0,0,1,0,0,0,1,0,1,0,0,1,0,0,0,"(15, 25]"
346,1,2,40.0,0,0,0,1,2.6390573296152584,2,1,0,0,0,0,0,0,0,0,1,0,0,1,0,0,0,1,0,1,0,0,0,1,0,0,"(25, 45]"
347,1,3,33.355555555555554,1,0,0,0,2.8390784635086144,2,1,0,0,0,0,0,0,0,0,1,0,0,1,0,0,0,1,0,0,1,0,0,1,0,0,"(25, 45]"
348,1,3,3.0,1,1,0,0,2.827313621929028,2,0,0,0,0,0,0,0,0,0,1,0,0,1,0,1,0,0,0,0,1,1,0,0,0,0,"(0, 15]"
349,0,3,42.0,0,0,1,1,2.2682524139135403,1,0,0,0,0,0,0,0,0,0,1,0,0,1,0,0,1,0,0,0,1,0,0,1,0,0,"(25, 45]"
350,0,3,23.0,0,0,1,1,2.3248357019288655,1,0,0,0,0,0,0,0,0,0,1,0,0,1,0,0,1,0,0,0,1,0,1,0,0,0,"(15, 25]"
351,0,1,32.973597359735976,0,0,1,1,3.58351893845611,3,0,0,0,0,1,0,0,0,0,0,0,0,1,0,0,1,0,1,0,0,0,0,1,0,0,"(25, 45]"
352,0,3,15.0,1,1,0,0,2.1076888046179385,0,0,0,0,0,0,0,0,0,0,1,1,0,0,0,1,0,0,0,0,1,1,0,0,0,0,"(0, 15]"
353,0,3,25.0,1,0,1,0,2.9338568698359038,2,0,0,0,0,0,0,0,0,0,1,0,0,1,0,0,1,0,0,0,1,0,1,0,0,0,"(15, 25]"
354,0,3,32.973597359735976,0,0,1,1,2.1071782966514356,0,0,0,0,0,0,0,0,0,0,1,1,0,0,0,0,1,0,0,0,1,0,0,1,0,0,"(25, 45]"
355,0,3,28.0,0,0,1,1,2.3513752571634776,1,0,0,0,0,0,0,0,0,0,1,0,0,1,0,0,1,0,0,0,1,0,0,1,0,0,"(25, 45]"
356,1,1,22.0,0,1,0,0,4.02535169073515,4,1,0,0,0,0,0,1,0,0,0,0,0,1,0,0,0,1,1,0,0,0,1,0,0,0,"(15, 25]"
357,0,2,38.0,0,0,0,1,2.6390573296152584,2,1,0,0,0,0,0,0,0,0,1,0,0,1,0,0,0,1,0,1,0,0,0,1,0,0,"(25, 45]"
358,1,3,31.08421052631579,0,0,0,1,2.1837114628556327,1,1,0,0,0,0,0,0,0,0,1,0,1,0,0,0,0,1,0,0,1,0,0,1,0,0,"(25, 45]"
359,1,3,31.08421052631579,0,0,0,1,2.1837114628556327,1,1,0,0,0,0,0,0,0,0,1,0,1,0,0,0,0,1,0,0,1,0,0,1,0,0,"(25, 45]"
360,0,3,40.0,1,4,1,0,3.3638415951183864,3,0,0,0,0,0,0,0,0,0,1,0,0,1,0,0,1,0,0,0,1,0,0,1,0,0,"(25, 45]"
361,0,2,29.0,1,0,1,0,3.357621598945279,3,0,0,0,0,0,0,0,0,0,1,1,0,0,0,0,1,0,0,1,0,0,0,1,0,0,"(25, 45]"
362,0,3,45.0,0,1,0,0,2.737880811060884,2,1,0,0,0,0,0,0,0,0,1,1,0,0,0,0,0,1,0,0,1,0,0,1,0,0,"(25, 45]"
363,0,3,35.0,0,0,1,1,2.085672091430472,0,0,0,0,0,0,0,0,0,0,1,0,0,1,0,0,1,0,0,0,1,0,0,1,0,0,"(25, 45]"
364,0,3,32.70192307692308,1,0,1,0,2.803360380906535,2,0,0,0,0,0,0,0,0,0,1,0,1,0,0,0,1,0,0,0,1,0,0,1,0,0,"(25, 45]"
365,0,3,30.0,0,0,1,1,2.1102132003465894,0,0,0,0,0,0,0,0,0,0,1,0,0,1,0,0,1,0,0,0,1,0,0,1,0,0,"(25, 45]"
366,1,1,60.0,1,0,0,0,4.334017415487521,4,1,0,0,0,0,1,0,0,0,0,1,0,0,0,0,0,1,1,0,0,0,0,0,1,0,"(45, 70]"
367,1,3,31.08421052631579,0,0,0,1,2.1076888046179385,0,1,0,0,0,0,0,0,0,0,1,1,0,0,0,0,0,1,0,0,1,0,0,1,0,0,"(25, 45]"
368,1,3,31.08421052631579,0,0,0,1,2.169053700369523,0,1,0,0,0,0,0,0,0,0,1,0,1,0,0,0,0,1,0,0,1,0,0,1,0,0,"(25, 45]"
369,1,1,24.0,0,0,0,1,4.252771798816619,4,1,0,0,1,0,0,0,0,0,0,1,0,0,0,0,0,1,1,0,0,0,1,0,0,0,"(15, 25]"
370,1,1,25.0,1,0,1,0,4.0332082470129285,4,0,0,0,0,0,0,1,0,0,0,1,0,0,0,0,1,0,1,0,0,0,1,0,0,0,"(15, 25]"
371,0,3,18.0,1,0,1,0,2.0143428636837015,0,0,0,0,0,0,0,0,0,0,1,0,0,1,0,0,1,0,0,0,1,0,1,0,0,0,"(15, 25]"
372,0,3,19.0,0,0,1,1,2.2027647577118348,1,0,0,0,0,0,0,0,0,0,1,0,0,1,0,0,1,0,0,0,1,0,1,0,0,0,"(15, 25]"
373,0,1,22.0,0,0,1,1,4.91730069488021,4,0,0,0,0,0,0,0,0,0,1,1,0,0,0,0,1,0,1,0,0,0,1,0,0,0,"(15, 25]"
374,0,3,3.0,3,1,0,0,3.0944457464900235,2,1,0,0,0,0,0,0,0,0,1,0,0,1,0,1,0,0,0,0,1,1,0,0,0,0,"(0, 15]"
375,1,1,33.355555555555554,1,0,0,0,4.420896324687287,4,1,0,0,0,0,0,0,0,0,1,1,0,0,0,0,0,1,1,0,0,0,0,1,0,0,"(25, 45]"
376,1,3,22.0,0,0,0,1,2.1102132003465894,0,1,0,0,0,0,0,0,0,0,1,0,0,1,0,0,0,1,0,0,1,0,1,0,0,0,"(15, 25]"
377,0,1,27.0,0,2,1,0,5.358941988364472,4,0,0,0,0,1,0,0,0,0,0,1,0,0,0,0,1,0,1,0,0,0,0,1,0,0,"(25, 45]"
378,0,3,20.0,0,0,1,1,1.6119347926326877,0,0,0,0,0,0,0,0,0,0,1,1,0,0,0,0,1,0,0,0,1,0,1,0,0,0,"(15, 25]"
379,0,3,19.0,0,0,1,1,2.1719067693519296,0,0,0,0,0,0,0,0,0,0,1,0,0,1,0,0,1,0,0,0,1,0,1,0,0,0,"(15, 25]"
380,1,1,42.0,0,0,0,1,5.4316456135398825,4,1,0,0,0,0,0,0,0,0,1,1,0,0,0,0,0,1,1,0,0,0,0,1,0,0,"(25, 45]"
381,1,3,1.0,0,2,0,0,2.817902613071225,2,1,0,0,0,0,0,0,0,0,1,1,0,0,0,1,0,0,0,0,1,1,0,0,0,0,"(0, 15]"
382,0,3,32.0,0,0,1,1,2.188856327665703,1,0,0,0,0,0,0,0,0,0,1,0,0,1,0,0,1,0,0,0,1,0,0,1,0,0,"(25, 45]"
383,1,1,35.0,1,0,0,0,3.970291913552122,4,1,0,0,0,0,0,0,0,0,1,0,0,1,0,0,0,1,1,0,0,0,0,1,0,0,"(25, 45]"
384,0,3,32.973597359735976,0,0,1,1,2.1855792552411137,1,0,0,0,0,0,0,0,0,0,1,0,0,1,0,0,1,0,0,0,1,0,0,1,0,0,"(25, 45]"
385,0,2,18.0,0,0,1,1,4.310799125385514,4,0,0,0,0,0,0,0,0,0,1,0,0,1,0,0,1,0,0,1,0,0,1,0,0,0,"(15, 25]"
386,0,3,1.0,5,2,0,0,3.8691155044168695,4,0,0,0,0,0,0,0,0,0,1,0,0,1,0,1,0,0,0,0,1,1,0,0,0,0,"(0, 15]"
387,1,2,36.0,0,0,0,1,2.6390573296152584,2,1,0,0,0,0,0,0,0,0,1,0,0,1,0,0,0,1,0,1,0,0,0,1,0,0,"(25, 45]"
388,0,3,32.973597359735976,0,0,1,1,2.1666737276227077,0,0,0,0,0,0,0,0,0,0,1,0,1,0,0,0,1,0,0,0,1,0,0,1,0,0,"(25, 45]"
389,1,2,17.0,0,0,0,1,2.5649493574615367,2,1,0,0,0,0,0,0,0,0,1,1,0,0,0,0,0,1,0,1,0,0,1,0,0,0,"(15, 25]"
390,1,1,36.0,1,2,1,0,4.795790545596741,4,0,0,0,1,0,0,0,0,0,0,0,0,1,0,0,1,0,1,0,0,0,0,1,0,0,"(25, 45]"
391,1,3,21.0,0,0,1,1,2.174274334826008,0,0,0,0,0,0,0,0,0,0,1,0,0,1,0,0,1,0,0,0,1,0,1,0,0,0,"(15, 25]"
392,0,3,28.0,2,0,1,0,2.188856327665703,1,0,0,0,0,0,0,0,0,0,1,0,0,1,0,0,1,0,0,0,1,0,0,1,0,0,"(25, 45]"
393,1,1,23.0,1,0,0,0,4.738607824217808,4,1,0,0,0,0,1,0,0,0,0,1,0,0,0,0,0,1,1,0,0,0,1,0,0,0,"(15, 25]"
394,1,3,24.0,0,2,0,0,2.8735646395797834,2,1,0,0,0,0,0,0,0,1,0,0,0,1,0,0,0,1,0,0,1,0,1,0,0,0,"(15, 25]"
395,0,3,22.0,0,0,1,1,2.174274334826008,0,0,0,0,0,0,0,0,0,0,1,0,0,1,0,0,1,0,0,0,1,0,1,0,0,0,"(15, 25]"
396,0,3,31.0,0,0,0,1,2.180891922715322,0,1,0,0,0,0,0,0,0,0,1,0,0,1,0,0,0,1,0,0,1,0,0,1,0,0,"(25, 45]"
397,0,2,46.0,0,0,1,1,3.295836866004329,3,0,0,0,0,0,0,0,0,0,1,0,0,1,0,0,1,0,0,1,0,0,0,0,1,0,"(45, 70]"
398,0,2,23.0,0,0,1,1,2.4423470353692043,1,0,0,0,0,0,0,0,0,0,1,0,0,1,0,0,1,0,0,1,0,0,1,0,0,0,"(15, 25]"
399,1,2,28.0,0,0,0,1,2.613739521630969,2,1,0,0,0,0,0,0,0,0,1,0,0,1,0,0,0,1,0,1,0,0,0,1,0,0,"(25, 45]"
400,1,3,39.0,0,0,1,1,2.188856327665703,1,0,0,0,0,0,0,0,0,0,1,0,0,1,0,0,1,0,0,0,1,0,0,1,0,0,"(25, 45]"
401,0,3,26.0,0,0,1,1,2.2027647577118348,1,0,0,0,0,0,0,0,0,0,1,0,0,1,0,0,1,0,0,0,1,0,0,1,0,0,"(25, 45]"
402,0,3,21.0,1,0,0,0,2.3818582738885534,1,1,0,0,0,0,0,0,0,0,1,0,0,1,0,0,0,1,0,0,1,0,1,0,0,0,"(15, 25]"
403,0,3,28.0,1,0,1,0,2.8243506567983707,2,0,0,0,0,0,0,0,0,0,1,0,0,1,0,0,1,0,0,0,1,0,0,1,0,0,"(25, 45]"
404,0,3,20.0,0,0,0,1,2.2682524139135403,1,1,0,0,0,0,0,0,0,0,1,0,0,1,0,0,0,1,0,0,1,0,1,0,0,0,"(15, 25]"
405,0,2,34.0,1,0,1,0,3.091042453358316,2,0,0,0,0,0,0,0,0,0,1,0,0,1,0,0,1,0,0,1,0,0,0,1,0,0,"(25, 45]"
406,0,3,51.0,0,0,1,1,2.169053700369523,0,0,0,0,0,0,0,0,0,0,1,0,0,1,0,0,1,0,0,0,1,0,0,0,1,0,"(45, 70]"
407,1,2,3.0,1,1,0,0,2.9831534913471307,2,0,0,0,0,0,0,0,0,0,1,0,0,1,0,1,0,0,0,1,0,1,0,0,0,0,"(0, 15]"
408,0,3,21.0,0,0,1,1,2.1719067693519296,0,0,0,0,0,0,0,0,0,0,1,0,0,1,0,0,1,0,0,0,1,0,1,0,0,0,"(15, 25]"
409,0,3,4.333333333333333,3,1,0,0,3.275887339030031,3,1,0,0,0,0,0,0,0,0,1,0,0,1,0,0,0,1,0,0,1,1,0,0,0,0,"(0, 15]"
410,0,3,32.973597359735976,0,0,1,1,2.1855792552411137,1,0,0,0,0,0,0,0,0,0,1,0,0,1,0,0,1,0,0,0,1,0,0,1,0,0,"(25, 45]"
411,0,3,32.973597359735976,0,0,1,1,2.061570298060867,0,0,0,0,0,0,0,0,0,0,1,0,1,0,0,0,1,0,0,0,1,0,0,1,0,0,"(25, 45]"
412,1,1,33.0,1,0,0,0,4.51085950651685,4,1,0,0,0,1,0,0,0,0,0,0,1,0,0,0,0,1,1,0,0,0,0,1,0,0,"(25, 45]"
413,0,2,32.973597359735976,0,0,1,1,0.0,0,0,0,0,0,0,0,0,0,0,1,0,0,1,0,0,1,0,0,1,0,0,0,1,0,0,"(25, 45]"
414,1,3,44.0,0,0,1,1,2.188856327665703,1,0,0,0,0,0,0,0,0,0,1,0,0,1,0,0,1,0,0,0,1,0,0,1,0,0,"(25, 45]"
415,0,3,31.08421052631579,0,0,0,1,2.2027647577118348,1,1,0,0,0,0,0,0,0,0,1,0,0,1,0,0,0,1,0,0,1,0,0,1,0,0,"(25, 45]"
416,1,2,34.0,1,1,0,0,3.5115454388310208,3,1,0,0,0,0,0,0,0,0,1,0,0,1,0,0,0,1,0,1,0,0,0,1,0,0,"(25, 45]"
417,1,2,18.0,0,2,0,0,2.6390573296152584,2,1,0,0,0,0,0,0,0,0,1,0,0,1,0,0,0,1,0,1,0,0,1,0,0,0,"(15, 25]"
418,0,2,30.0,0,0,1,1,2.6390573296152584,2,0,0,0,0,0,0,0,0,0,1,0,0,1,0,0,1,0,0,1,0,0,0,1,0,0,"(25, 45]"
419,0,3,10.0,0,2,0,0,3.224857896545748,3,1,0,0,0,0,0,0,0,0,1,0,0,1,0,1,0,0,0,0,1,1,0,0,0,0,"(0, 15]"
420,0,3,32.973597359735976,0,0,1,1,2.1855792552411137,1,0,0,0,0,0,0,0,0,0,1,1,0,0,0,0,1,0,0,0,1,0,0,1,0,0,"(25, 45]"
421,0,3,21.0,0,0,1,1,2.167143305297764,0,0,0,0,0,0,0,0,0,0,1,0,1,0,0,0,1,0,0,0,1,0,1,0,0,0,"(15, 25]"
422,0,3,29.0,0,0,1,1,2.1832383353614797,1,0,0,0,0,0,0,0,0,0,1,0,0,1,0,0,1,0,0,0,1,0,0,1,0,0,"(25, 45]"
423,0,3,28.0,1,1,0,0,2.7343675094195836,2,1,0,0,0,0,0,0,0,0,1,0,0,1,0,0,0,1,0,0,1,0,0,1,0,0,"(25, 45]"
424,0,3,18.0,1,1,1,0,3.0545906305603445,2,0,0,0,0,0,0,0,0,0,1,0,0,1,0,0,1,0,0,0,1,0,1,0,0,0,"(15, 25]"
425,0,3,32.973597359735976,0,0,1,1,2.1102132003465894,0,0,0,0,0,0,0,0,0,0,1,0,0,1,0,0,1,0,0,0,1,0,0,1,0,0,"(25, 45]"
426,1,2,28.0,1,0,0,0,3.295836866004329,3,1,0,0,0,0,0,0,0,0,1,0,0,1,0,0,0,1,0,1,0,0,0,1,0,0,"(25, 45]"
427,1,2,19.0,0,0,0,1,3.295836866004329,3,1,0,0,0,0,0,0,0,0,1,0,0,1,0,0,0,1,0,1,0,0,1,0,0,0,"(15, 25]"
428,0,3,32.973597359735976,0,0,1,1,2.169053700369523,0,0,0,0,0,0,0,0,0,0,1,0,1,0,0,0,1,0,0,0,1,0,0,1,0,0,"(25, 45]"
429,1,3,32.0,0,0,1,1,2.2027647577118348,1,0,0,0,0,0,0,1,0,0,0,0,0,1,0,0,1,0,0,0,1,0,0,1,0,0,"(25, 45]"
430,1,1,28.0,0,0,1,1,3.3160025355989236,3,0,0,0,0,1,0,0,0,0,0,0,0,1,0,0,1,0,1,0,0,0,0,1,0,0,"(25, 45]"
431,1,3,33.355555555555554,1,0,0,0,2.8390784635086144,2,1,0,0,0,0,0,0,0,0,1,0,0,1,0,0,0,1,0,0,1,0,0,1,0,0,"(25, 45]"
432,1,2,42.0,1,0,0,0,3.295836866004329,3,1,0,0,0,0,0,0,0,0,1,0,0,1,0,0,0,1,0,1,0,0,0,1,0,0,"(25, 45]"
433,0,3,17.0,0,0,1,1,2.094945728215801,0,0,0,0,0,0,0,0,0,0,1,0,0,1,0,0,1,0,0,0,1,0,1,0,0,0,"(15, 25]"
434,0,1,50.0,1,0,1,0,4.041295341132285,4,0,0,0,0,0,0,1,0,0,0,0,0,1,0,0,1,0,1,0,0,0,0,0,1,0,"(45, 70]"
435,1,1,14.0,1,2,0,0,4.795790545596741,4,1,0,0,1,0,0,0,0,0,0,0,0,1,0,1,0,0,1,0,0,1,0,0,0,0,"(0, 15]"
436,0,3,21.0,2,2,0,0,3.5660053559634015,3,1,0,0,0,0,0,0,0,0,1,0,0,1,0,0,0,1,0,0,1,0,1,0,0,0,"(15, 25]"
437,1,2,24.0,2,3,0,0,2.9831534913471307,2,1,0,0,0,0,0,0,0,0,1,0,0,1,0,0,0,1,0,1,0,0,1,0,0,0,"(15, 25]"
438,0,1,64.0,1,4,1,0,5.575949103146316,4,0,0,0,0,1,0,0,0,0,0,0,0,1,0,0,1,0,1,0,0,0,0,0,1,0,"(45, 70]"
439,0,2,31.0,0,0,1,1,2.4423470353692043,1,0,0,0,0,0,0,0,0,0,1,0,0,1,0,0,1,0,0,1,0,0,0,1,0,0,"(25, 45]"
440,1,2,45.0,1,1,0,0,3.305053521109253,3,1,0,0,0,0,0,0,0,0,1,0,0,1,0,0,0,1,0,1,0,0,0,1,0,0,"(25, 45]"
441,0,3,20.0,0,0,1,1,2.3513752571634776,1,0,0,0,0,0,0,0,0,0,1,0,0,1,0,0,1,0,0,0,1,0,1,0,0,0,"(15, 25]"
442,0,3,25.0,1,0,1,0,2.1719067693519296,0,0,0,0,0,0,0,0,0,0,1,0,0,1,0,0,1,0,0,0,1,0,1,0,0,0,"(15, 25]"
443,1,2,28.0,0,0,0,1,2.6390573296152584,2,1,0,0,0,0,0,0,0,0,1,0,0,1,0,0,0,1,0,1,0,0,0,1,0,0,"(25, 45]"
444,1,3,32.973597359735976,0,0,1,1,2.2096470973347766,1,0,0,0,0,0,0,0,0,0,1,0,0,1,0,0,1,0,0,0,1,0,0,1,0,0,"(25, 45]"
445,1,1,4.0,0,2,0,0,4.417131919904876,4,0,0,1,0,0,0,0,0,0,0,0,0,1,0,1,0,0,1,0,0,1,0,0,0,0,"(0, 15]"
446,1,2,13.0,0,1,0,0,3.0204248861443626,2,1,0,0,0,0,0,0,0,0,1,0,0,1,0,1,0,0,0,1,0,1,0,0,0,0,"(0, 15]"
447,1,1,34.0,0,0,1,1,3.3160025355989236,3,0,0,0,0,0,0,0,0,0,1,0,0,1,0,0,1,0,1,0,0,0,0,1,0,0,"(25, 45]"
448,1,3,5.0,2,1,0,0,3.0085645861193133,2,1,0,0,0,0,0,0,0,0,1,1,0,0,0,1,0,0,0,0,1,1,0,0,0,0,"(0, 15]"
449,1,1,52.0,0,0,1,1,3.449987545831587,3,0,0,0,0,1,0,0,0,0,0,0,0,1,0,0,1,0,1,0,0,0,0,0,1,0,"(45, 70]"
450,0,2,36.0,1,2,1,0,3.3586377672433594,3,0,0,0,0,0,0,0,0,0,1,0,0,1,0,0,1,0,0,1,0,0,0,1,0,0,"(25, 45]"
451,0,3,32.70192307692308,1,0,1,0,3.0429354648621407,2,0,0,0,0,0,0,0,0,0,1,0,0,1,0,0,1,0,0,0,1,0,0,1,0,0,"(25, 45]"
452,0,1,30.0,0,0,1,1,3.3586377672433594,3,0,0,0,0,1,0,0,0,0,0,1,0,0,0,0,1,0,1,0,0,0,0,1,0,0,"(25, 45]"
453,1,1,49.0,1,0,1,0,4.500966778400217,4,0,0,0,0,1,0,0,0,0,0,1,0,0,0,0,1,0,1,0,0,0,0,0,1,0,"(45, 70]"
454,0,3,32.973597359735976,0,0,1,1,2.2027647577118348,1,0,0,0,0,0,0,0,0,0,1,0,0,1,0,0,1,0,0,0,1,0,0,1,0,0,"(25, 45]"
455,1,3,29.0,0,0,1,1,2.1855792552411137,1,0,0,0,0,0,0,0,0,0,1,1,0,0,0,0,1,0,0,0,1,0,0,1,0,0,"(25, 45]"
456,0,1,65.0,0,0,1,1,3.3160025355989236,3,0,0,0,0,0,0,1,0,0,0,0,0,1,0,0,1,0,1,0,0,0,0,0,1,0,"(45, 70]"
457,1,1,33.355555555555554,1,0,0,0,3.967694202798607,4,1,0,0,0,0,1,0,0,0,0,0,0,1,0,0,0,1,1,0,0,0,0,1,0,0,"(25, 45]"
458,1,2,50.0,0,0,0,1,2.4423470353692043,1,1,0,0,0,0,0,0,0,0,1,0,0,1,0,0,0,1,0,1,0,0,0,0,1,0,"(45, 70]"
459,0,3,32.973597359735976,0,0,1,1,2.169053700369523,0,0,0,0,0,0,0,0,0,0,1,0,1,0,0,0,1,0,0,0,1,0,0,1,0,0,"(25, 45]"
460,1,1,48.0,0,0,1,1,3.3160025355989236,3,0,0,0,0,0,0,1,0,0,0,0,0,1,0,0,1,0,1,0,0,0,0,0,1,0,"(45, 70]"
461,0,3,34.0,0,0,1,1,2.2027647577118348,1,0,0,0,0,0,0,0,0,0,1,0,0,1,0,0,1,0,0,0,1,0,0,1,0,0,"(25, 45]"
462,0,1,47.0,0,0,1,1,3.676300671907076,3,0,0,0,0,0,0,1,0,0,0,0,0,1,0,0,1,0,1,0,0,0,0,0,1,0,"(45, 70]"
463,0,2,48.0,0,0,1,1,2.6390573296152584,2,0,0,0,0,0,0,0,0,0,1,0,0,1,0,0,1,0,0,1,0,0,0,0,1,0,"(45, 70]"
464,0,3,32.973597359735976,0,0,1,1,2.2027647577118348,1,0,0,0,0,0,0,0,0,0,1,0,0,1,0,0,1,0,0,0,1,0,0,1,0,0,"(25, 45]"
465,0,3,38.0,0,0,1,1,2.085672091430472,0,0,0,0,0,0,0,0,0,0,1,0,0,1,0,0,1,0,0,0,1,0,0,1,0,0,"(25, 45]"
466,0,2,32.973597359735976,0,0,1,1,0.0,0,0,0,0,0,0,0,0,0,0,1,0,0,1,0,0,1,0,0,1,0,0,0,1,0,0,"(25, 45]"
467,0,1,56.0,0,0,1,1,3.3160025355989236,3,0,0,0,0,0,0,0,0,0,1,0,0,1,0,0,1,0,1,0,0,0,0,0,1,0,"(45, 70]"
468,0,3,32.973597359735976,0,0,1,1,2.1661924680884908,0,0,0,0,0,0,0,0,0,0,1,0,1,0,0,0,1,0,0,0,1,0,0,1,0,0,"(25, 45]"
469,1,3,0.75,2,1,0,0,3.0085645861193133,2,1,0,0,0,0,0,0,0,0,1,1,0,0,0,1,0,0,0,0,1,1,0,0,0,0,"(0, 15]"
470,0,3,32.973597359735976,0,0,1,1,2.1102132003465894,0,0,0,0,0,0,0,0,0,0,1,0,0,1,0,0,1,0,0,0,1,0,0,1,0,0,"(25, 45]"
471,0,3,38.0,0,0,1,1,2.2682524139135403,1,0,0,0,0,0,0,0,0,0,1,0,0,1,0,0,1,0,0,0,1,0,0,1,0,0,"(25, 45]"
472,1,2,33.0,1,2,0,0,3.3586377672433594,3,1,0,0,0,0,0,0,0,0,1,0,0,1,0,0,0,1,0,1,0,0,0,1,0,0,"(25, 45]"
473,1,2,23.0,0,0,0,1,2.694066212646058,2,1,0,0,0,0,1,0,0,0,0,1,0,0,0,0,0,1,0,1,0,0,1,0,0,0,"(15, 25]"
474,0,3,22.0,0,0,0,1,2.3830123421066602,1,1,0,0,0,0,0,0,0,0,1,0,0,1,0,0,0,1,0,0,1,0,1,0,0,0,"(15, 25]"
475,0,1,32.973597359735976,0,0,1,1,3.970291913552122,4,0,0,1,0,0,0,0,0,0,0,0,0,1,0,0,1,0,1,0,0,0,0,1,0,0,"(25, 45]"
476,0,2,34.0,1,0,1,0,3.091042453358316,2,0,0,0,0,0,0,0,0,0,1,0,0,1,0,0,1,0,0,1,0,0,0,1,0,0,"(25, 45]"
477,0,3,29.0,1,0,1,0,2.0851502161468174,0,0,0,0,0,0,0,0,0,0,1,0,0,1,0,0,1,0,0,0,1,0,0,1,0,0,"(25, 45]"
478,0,3,22.0,0,0,1,1,2.142510233146819,0,0,0,0,0,0,0,0,0,0,1,0,0,1,0,0,1,0,0,0,1,0,1,0,0,0,"(15, 25]"
479,1,3,2.0,0,1,0,0,2.586823743668066,2,1,0,0,0,0,0,0,0,0,1,0,0,1,0,1,0,0,0,0,1,1,0,0,0,0,"(0, 15]"
480,0,3,9.0,5,2,0,0,3.8691155044168695,4,0,0,0,0,0,0,0,0,0,1,0,0,1,0,1,0,0,0,0,1,1,0,0,0,0,"(0, 15]"
481,0,2,32.973597359735976,0,0,1,1,0.0,0,0,0,0,0,0,0,0,0,0,1,0,0,1,0,0,1,0,0,1,0,0,0,1,0,0,"(25, 45]"
482,0,3,50.0,0,0,1,1,2.2027647577118348,1,0,0,0,0,0,0,0,0,0,1,0,0,1,0,0,1,0,0,0,1,0,0,0,1,0,"(45, 70]"
483,1,3,63.0,0,0,0,1,2.3596740599781727,1,1,0,0,0,0,0,0,0,0,1,0,0,1,0,0,0,1,0,0,1,0,0,0,1,0,"(45, 70]"
484,1,1,25.0,1,0,1,0,4.5226490762785785,4,0,0,0,1,0,0,0,0,0,0,1,0,0,0,0,1,0,1,0,0,0,1,0,0,0,"(15, 25]"
485,0,3,4.333333333333333,3,1,0,0,3.275887339030031,3,1,0,0,0,0,0,0,0,0,1,0,0,1,0,0,0,1,0,0,1,1,0,0,0,0,"(0, 15]"
486,1,1,35.0,1,0,0,0,4.51085950651685,4,1,0,0,0,1,0,0,0,0,0,0,0,1,0,0,0,1,1,0,0,0,0,1,0,0,"(25, 45]"
487,0,1,58.0,0,0,1,1,3.4242626545931514,3,0,0,0,1,0,0,0,0,0,0,1,0,0,0,0,1,0,1,0,0,0,0,0,1,0,"(45, 70]"
488,0,3,30.0,0,0,1,1,2.2027647577118348,1,0,0,0,0,0,0,0,0,0,1,0,0,1,0,0,1,0,0,0,1,0,0,1,0,0,"(25, 45]"
489,1,3,9.0,1,1,0,0,2.827313621929028,2,0,0,0,0,0,0,0,0,0,1,0,0,1,0,1,0,0,0,0,1,1,0,0,0,0,"(0, 15]"
490,0,3,32.70192307692308,1,0,1,0,3.0429354648621407,2,0,0,0,0,0,0,0,0,0,1,0,0,1,0,0,1,0,0,0,1,0,0,1,0,0,"(25, 45]"
491,0,3,21.0,0,0,1,1,2.1102132003465894,0,0,0,0,0,0,0,0,0,0,1,0,0,1,0,0,1,0,0,0,1,0,1,0,0,0,"(15, 25]"
492,0,1,55.0,0,0,1,1,3.449987545831587,3,0,0,0,0,1,0,0,0,0,0,0,0,1,0,0,1,0,1,0,0,0,0,0,1,0,"(45, 70]"
493,0,1,71.0,0,0,1,1,3.922056501139853,4,0,0,0,0,0,0,0,0,0,1,1,0,0,0,0,1,0,1,0,0,0,0,0,0,1,"(70, 100]"
494,0,3,21.0,0,0,1,1,2.2027647577118348,1,0,0,0,0,0,0,0,0,0,1,0,0,1,0,0,1,0,0,0,1,0,1,0,0,0,"(15, 25]"
495,0,3,32.973597359735976,0,0,1,1,2.738146075922933,2,0,0,0,0,0,0,0,0,0,1,1,0,0,0,0,1,0,0,0,1,0,0,1,0,0,"(25, 45]"
496,1,1,54.0,1,0,0,0,4.37281811610993,4,1,0,0,0,0,1,0,0,0,0,1,0,0,0,0,0,1,1,0,0,0,0,0,1,0,"(45, 70]"
497,0,3,32.973597359735976,0,0,1,1,2.7788192719904172,2,0,0,0,0,0,0,0,0,0,1,0,0,1,0,0,1,0,0,0,1,0,0,1,0,0,"(25, 45]"
498,0,1,25.0,1,2,0,0,5.027492411162679,4,1,0,0,0,1,0,0,0,0,0,0,0,1,0,0,0,1,1,0,0,0,1,0,0,0,"(15, 25]"
499,0,3,24.0,0,0,1,1,2.174274334826008,0,0,0,0,0,0,0,0,0,0,1,0,0,1,0,0,1,0,0,0,1,0,1,0,0,0,"(15, 25]"
500,0,3,17.0,0,0,1,1,2.2682524139135403,1,0,0,0,0,0,0,0,0,0,1,0,0,1,0,0,1,0,0,0,1,0,1,0,0,0,"(15, 25]"
501,0,3,21.0,0,0,0,1,2.169053700369523,0,1,0,0,0,0,0,0,0,0,1,0,1,0,0,0,0,1,0,0,1,0,1,0,0,0,"(15, 25]"
502,0,3,31.08421052631579,0,0,0,1,2.155151800914312,0,1,0,0,0,0,0,0,0,0,1,0,1,0,0,0,0,1,0,0,1,0,0,1,0,0,"(25, 45]"
503,0,3,37.0,0,0,0,1,2.3596740599781727,1,1,0,0,0,0,0,0,0,0,1,0,0,1,0,0,0,1,0,0,1,0,0,1,0,0,"(25, 45]"
504,1,1,16.0,0,0,0,1,4.471638793363569,4,1,0,0,1,0,0,0,0,0,0,0,0,1,0,0,0,1,1,0,0,0,1,0,0,0,"(15, 25]"
505,0,1,18.0,1,0,1,0,4.699570861409576,4,0,0,0,0,1,0,0,0,0,0,1,0,0,0,0,1,0,1,0,0,0,1,0,0,0,"(15, 25]"
506,1,2,33.0,0,2,0,0,3.295836866004329,3,1,0,0,0,0,0,0,0,0,1,0,0,1,0,0,0,1,0,1,0,0,0,1,0,0,"(25, 45]"
507,1,1,32.973597359735976,0,0,1,1,3.3160025355989236,3,0,0,0,0,0,0,0,0,0,1,0,0,1,0,0,1,0,1,0,0,0,0,1,0,0,"(25, 45]"
508,0,3,28.0,0,0,1,1,3.1580636854714434,3,0,0,0,0,0,0,0,0,0,1,0,0,1,0,0,1,0,0,0,1,0,0,1,0,0,"(25, 45]"
509,1,3,26.0,0,0,1,1,4.05171190165724,4,0,0,0,0,0,0,0,0,0,1,0,0,1,0,0,1,0,0,0,1,0,0,1,0,0,"(25, 45]"
510,1,3,29.0,0,0,1,1,2.169053700369523,0,0,0,0,0,0,0,0,0,0,1,0,1,0,0,0,1,0,0,0,1,0,0,1,0,0,"(25, 45]"
511,0,3,32.973597359735976,0,0,1,1,2.2027647577118348,1,0,0,0,0,0,0,0,0,0,1,0,0,1,0,0,1,0,0,0,1,0,0,1,0,0,"(25, 45]"
512,1,1,36.0,0,0,1,1,3.3064287218760624,3,0,0,0,0,0,0,1,0,0,0,0,0,1,0,0,1,0,1,0,0,0,0,1,0,0,"(25, 45]"
513,1,1,54.0,1,0,0,0,4.100989104940769,4,1,0,0,0,0,0,0,0,0,1,1,0,0,0,0,0,1,1,0,0,0,0,0,1,0,"(45, 70]"
514,0,3,24.0,0,0,1,1,2.139571923732859,0,0,0,0,0,0,0,0,0,0,1,0,0,1,0,0,1,0,0,0,1,0,1,0,0,0,"(15, 25]"
515,0,1,47.0,0,0,1,1,3.5559421706858756,3,0,0,0,0,0,1,0,0,0,0,0,0,1,0,0,1,0,1,0,0,0,0,0,1,0,"(45, 70]"
516,1,2,34.0,0,0,0,1,2.4423470353692043,1,1,0,0,0,0,0,0,1,0,0,0,0,1,0,0,0,1,0,1,0,0,0,1,0,0,"(25, 45]"
517,0,3,32.973597359735976,0,0,1,1,3.224857896545748,3,0,0,0,0,0,0,0,0,0,1,0,1,0,0,0,1,0,0,0,1,0,0,1,0,0,"(25, 45]"
518,1,2,36.0,1,0,0,0,3.295836866004329,3,1,0,0,0,0,0,0,0,0,1,0,0,1,0,0,0,1,0,1,0,0,0,1,0,0,"(25, 45]"
519,0,3,32.0,0,0,1,1,2.1855792552411137,1,0,0,0,0,0,0,0,0,0,1,0,0,1,0,0,1,0,0,0,1,0,0,1,0,0,"(25, 45]"
520,1,1,30.0,0,0,0,1,4.548599834499697,4,1,0,0,1,0,0,0,0,0,0,0,0,1,0,0,0,1,1,0,0,0,0,1,0,0,"(25, 45]"
521,0,3,22.0,0,0,1,1,2.1855792552411137,1,0,0,0,0,0,0,0,0,0,1,0,0,1,0,0,1,0,0,0,1,0,1,0,0,0,"(15, 25]"
522,0,3,32.973597359735976,0,0,1,1,2.1071782966514356,0,0,0,0,0,0,0,0,0,0,1,1,0,0,0,0,1,0,0,0,1,0,0,1,0,0,"(25, 45]"
523,1,1,44.0,0,1,0,0,4.077184839375167,4,1,0,0,1,0,0,0,0,0,0,1,0,0,0,0,0,1,1,0,0,0,0,1,0,0,"(25, 45]"
524,0,3,32.973597359735976,0,0,1,1,2.1076888046179385,0,0,0,0,0,0,0,0,0,0,1,1,0,0,0,0,1,0,0,0,1,0,0,1,0,0,"(25, 45]"
525,0,3,40.5,0,0,1,1,2.169053700369523,0,0,0,0,0,0,0,0,0,0,1,0,1,0,0,0,1,0,0,0,1,0,0,1,0,0,"(25, 45]"
526,1,2,50.0,0,0,0,1,2.4423470353692043,1,1,0,0,0,0,0,0,0,0,1,0,0,1,0,0,0,1,0,1,0,0,0,0,1,0,"(45, 70]"
527,0,1,32.973597359735976,0,0,1,1,5.406181146423973,4,0,0,0,0,1,0,0,0,0,0,0,0,1,0,0,1,0,1,0,0,0,0,1,0,0,"(25, 45]"
528,0,3,39.0,0,0,1,1,2.188856327665703,1,0,0,0,0,0,0,0,0,0,1,0,0,1,0,0,1,0,0,0,1,0,0,1,0,0,"(25, 45]"
529,0,2,23.0,2,1,1,0,2.5257286443082556,2,0,0,0,0,0,0,0,0,0,1,0,0,1,0,0,1,0,0,1,0,0,1,0,0,0,"(15, 25]"
530,1,2,2.0,1,1,0,0,3.295836866004329,3,1,0,0,0,0,0,0,0,0,1,0,0,1,0,1,0,0,0,1,0,1,0,0,0,0,"(0, 15]"
531,0,3,32.973597359735976,0,0,1,1,2.1076888046179385,0,0,0,0,0,0,0,0,0,0,1,1,0,0,0,0,1,0,0,0,1,0,0,1,0,0,"(25, 45]"
532,0,3,17.0,1,1,1,0,2.1076888046179385,0,0,0,0,0,0,0,0,0,0,1,1,0,0,0,0,1,0,0,0,1,0,1,0,0,0,"(15, 25]"
533,1,3,26.833333333333332,0,2,0,0,3.1509523813392697,3,1,0,0,0,0,0,0,0,0,1,1,0,0,0,0,0,1,0,0,1,0,0,1,0,0,"(25, 45]"
534,0,3,30.0,0,0,0,1,2.2682524139135403,1,1,0,0,0,0,0,0,0,0,1,0,0,1,0,0,0,1,0,0,1,0,0,1,0,0,"(25, 45]"
535,1,2,7.0,0,2,0,0,3.305053521109253,3,1,0,0,0,0,0,0,0,0,1,0,0,1,0,1,0,0,0,1,0,1,0,0,0,0,"(0, 15]"
536,0,1,45.0,0,0,1,1,3.3160025355989236,3,0,0,0,1,0,0,0,0,0,0,0,0,1,0,0,1,0,1,0,0,0,0,1,0,0,"(25, 45]"
537,1,1,30.0,0,0,0,1,4.676792929661059,4,1,0,0,0,0,0,0,0,0,1,1,0,0,0,0,0,1,1,0,0,0,0,1,0,0,"(25, 45]"
538,0,3,32.973597359735976,0,0,1,1,2.740840023925201,2,0,0,0,0,0,0,0,0,0,1,0,0,1,0,0,1,0,0,0,1,0,0,1,0,0,"(25, 45]"
539,1,1,22.0,0,2,0,0,3.9219733362813143,4,1,0,0,1,0,0,0,0,0,0,1,0,0,0,0,0,1,1,0,0,0,1,0,0,0,"(15, 25]"
540,1,1,36.0,0,2,0,0,4.276666119016055,4,1,0,0,1,0,0,0,0,0,0,0,0,1,0,0,0,1,1,0,0,0,0,1,0,0,"(25, 45]"
541,0,3,9.0,4,2,0,0,3.4742929367327062,3,1,0,0,0,0,0,0,0,0,1,0,0,1,0,1,0,0,0,0,1,1,0,0,0,0,"(0, 15]"
542,0,3,11.0,4,2,0,0,3.4742929367327062,3,1,0,0,0,0,0,0,0,0,1,0,0,1,0,1,0,0,0,0,1,1,0,0,0,0,"(0, 15]"
543,1,2,32.0,1,0,1,0,3.295836866004329,3,0,0,0,0,0,0,0,0,0,1,0,0,1,0,0,1,0,0,1,0,0,0,1,0,0,"(25, 45]"
544,0,1,50.0,1,0,1,0,4.676792929661059,4,0,0,0,0,1,0,0,0,0,0,1,0,0,0,0,1,0,1,0,0,0,0,0,1,0,"(45, 70]"
545,0,1,64.0,0,0,1,1,3.295836866004329,3,0,0,0,0,0,0,0,0,0,1,0,0,1,0,0,1,0,1,0,0,0,0,0,1,0,"(45, 70]"
546,1,2,19.0,1,0,0,0,3.295836866004329,3,1,0,0,0,0,0,0,0,0,1,0,0,1,0,0,0,1,0,1,0,0,1,0,0,0,"(15, 25]"
547,1,2,32.973597359735976,0,0,1,1,2.6988412620169004,2,0,0,0,0,0,0,0,0,0,1,1,0,0,0,0,1,0,0,1,0,0,0,1,0,0,"(25, 45]"
548,0,3,33.0,1,1,1,0,3.0692150503137943,2,0,0,0,0,0,0,0,0,0,1,0,0,1,0,0,1,0,0,0,1,0,0,1,0,0,"(25, 45]"
549,1,2,8.0,1,1,0,0,3.6309854756950335,3,0,0,0,0,0,0,0,0,0,1,0,0,1,0,1,0,0,0,1,0,1,0,0,0,0,"(0, 15]"
550,1,1,17.0,0,2,1,0,4.717456363787216,4,0,0,0,0,1,0,0,0,0,0,1,0,0,0,0,1,0,1,0,0,0,1,0,0,0,"(15, 25]"
551,0,2,27.0,0,0,1,1,3.295836866004329,3,0,0,0,0,0,0,0,0,0,1,0,0,1,0,0,1,0,0,1,0,0,0,1,0,0,"(25, 45]"
552,0,3,32.973597359735976,0,0,1,1,2.17806441028492,0,0,0,0,0,0,0,0,0,0,1,0,1,0,0,0,1,0,0,0,1,0,0,1,0,0,"(25, 45]"
553,1,3,22.0,0,0,1,1,2.1071782966514356,0,0,0,0,0,0,0,0,0,0,1,1,0,0,0,0,1,0,0,0,1,0,1,0,0,0,"(15, 25]"
554,1,3,22.0,0,0,0,1,2.1719067693519296,0,1,0,0,0,0,0,0,0,0,1,0,0,1,0,0,0,1,0,0,1,0,1,0,0,0,"(15, 25]"
555,0,1,62.0,0,0,1,1,3.3160025355989236,3,0,0,0,0,0,0,0,0,0,1,0,0,1,0,0,1,0,1,0,0,0,0,0,1,0,"(45, 70]"
556,1,1,48.0,1,0,0,0,3.703768066607687,3,1,0,1,0,0,0,0,0,0,0,1,0,0,0,0,0,1,1,0,0,0,0,0,1,0,"(45, 70]"
557,0,1,32.973597359735976,0,0,1,1,5.4316456135398825,4,0,0,0,0,0,0,0,0,0,1,1,0,0,0,0,1,0,1,0,0,0,0,1,0,0,"(25, 45]"
558,1,1,39.0,1,1,0,0,4.390118804571218,4,1,0,0,0,0,0,1,0,0,0,0,0,1,0,0,0,1,1,0,0,0,0,1,0,0,"(25, 45]"
559,1,3,36.0,1,0,0,0,2.91235066461494,2,1,0,0,0,0,0,0,0,0,1,0,0,1,0,0,0,1,0,0,1,0,0,1,0,0,"(25, 45]"
560,0,3,32.973597359735976,0,0,1,1,2.169053700369523,0,0,0,0,0,0,0,0,0,0,1,0,1,0,0,0,1,0,0,0,1,0,0,1,0,0,"(25, 45]"
561,0,3,40.0,0,0,1,1,2.1855792552411137,1,0,0,0,0,0,0,0,0,0,1,0,0,1,0,0,1,0,0,0,1,0,0,1,0,0,"(25, 45]"
562,0,2,28.0,0,0,1,1,2.6741486494265287,2,0,0,0,0,0,0,0,0,0,1,0,0,1,0,0,1,0,0,1,0,0,0,1,0,0,"(25, 45]"
563,0,3,32.973597359735976,0,0,1,1,2.2027647577118348,1,0,0,0,0,0,0,0,0,0,1,0,0,1,0,0,1,0,0,0,1,0,0,1,0,0,"(25, 45]"
564,0,3,31.08421052631579,0,0,0,1,2.2027647577118348,1,1,0,0,0,0,0,0,0,0,1,0,0,1,0,0,0,1,0,0,1,0,0,1,0,0,"(25, 45]"
565,0,3,24.0,2,0,1,0,3.224857896545748,3,0,0,0,0,0,0,0,0,0,1,0,0,1,0,0,1,0,0,0,1,0,1,0,0,0,"(15, 25]"
566,0,3,19.0,0,0,1,1,2.1855792552411137,1,0,0,0,0,0,0,0,0,0,1,0,0,1,0,0,1,0,0,0,1,0,1,0,0,0,"(15, 25]"
567,0,3,29.0,0,4,0,0,3.0944457464900235,2,1,0,0,0,0,0,0,0,0,1,0,0,1,0,0,0,1,0,0,1,0,0,1,0,0,"(25, 45]"
568,0,3,32.973597359735976,0,0,1,1,2.1076888046179385,0,0,0,0,0,0,0,0,0,0,1,1,0,0,0,0,1,0,0,0,1,0,0,1,0,0,"(25, 45]"
569,1,3,32.0,0,0,1,1,2.180891922715322,0,0,0,0,0,0,0,0,0,0,1,0,0,1,0,0,1,0,0,0,1,0,0,1,0,0,"(25, 45]"
570,1,2,62.0,0,0,1,1,2.4423470353692043,1,0,0,0,0,0,0,0,0,0,1,0,0,1,0,0,1,0,0,1,0,0,0,0,1,0,"(45, 70]"
571,1,1,53.0,2,0,0,0,3.960416900617205,4,1,0,0,0,1,0,0,0,0,0,0,0,1,0,0,0,1,1,0,0,0,0,0,1,0,"(45, 70]"
572,1,1,36.0,0,0,1,1,3.3100867049215847,3,0,0,0,0,0,0,1,0,0,0,0,0,1,0,0,1,0,1,0,0,0,0,1,0,0,"(25, 45]"
573,1,3,31.08421052631579,0,0,0,1,2.169053700369523,0,1,0,0,0,0,0,0,0,0,1,0,1,0,0,0,0,1,0,0,1,0,0,1,0,0,"(25, 45]"
574,0,3,16.0,0,0,1,1,2.2027647577118348,1,0,0,0,0,0,0,0,0,0,1,0,0,1,0,0,1,0,0,0,1,0,1,0,0,0,"(15, 25]"
575,0,3,19.0,0,0,1,1,2.740840023925201,2,0,0,0,0,0,0,0,0,0,1,0,0,1,0,0,1,0,0,0,1,0,1,0,0,0,"(15, 25]"
576,1,2,34.0,0,0,0,1,2.6390573296152584,2,1,0,0,0,0,0,0,0,0,1,0,0,1,0,0,0,1,0,1,0,0,0,1,0,0,"(25, 45]"
577,1,1,39.0,1,0,0,0,4.041295341132285,4,1,0,0,0,0,0,1,0,0,0,0,0,1,0,0,0,1,1,0,0,0,0,1,0,0,"(25, 45]"
578,0,3,33.355555555555554,1,0,0,0,2.738146075922933,2,1,0,0,0,0,0,0,0,0,1,1,0,0,0,0,0,1,0,0,1,0,0,1,0,0,"(25, 45]"
579,1,3,32.0,0,0,1,1,2.188856327665703,1,0,0,0,0,0,0,0,0,0,1,0,0,1,0,0,1,0,0,0,1,0,0,1,0,0,"(25, 45]"
580,1,2,25.0,1,1,0,0,3.4339872044851463,3,1,0,0,0,0,0,0,0,0,1,0,0,1,0,0,0,1,0,1,0,0,1,0,0,0,"(15, 25]"
581,1,1,39.0,1,1,0,0,4.717456363787216,4,1,0,0,0,1,0,0,0,0,0,1,0,0,0,0,0,1,1,0,0,0,0,1,0,0,"(25, 45]"
582,0,2,54.0,0,0,1,1,3.295836866004329,3,0,0,0,0,0,0,0,0,0,1,0,0,1,0,0,1,0,0,1,0,0,0,0,1,0,"(45, 70]"
583,0,1,36.0,0,0,1,1,3.716616209085536,4,0,0,1,0,0,0,0,0,0,0,1,0,0,0,0,1,0,1,0,0,0,0,1,0,0,"(25, 45]"
584,0,3,32.973597359735976,0,0,1,1,2.2734137156937657,1,0,0,0,0,0,0,0,0,0,1,1,0,0,0,0,1,0,0,0,1,0,0,1,0,0,"(25, 45]"
585,1,1,18.0,0,2,0,0,4.390118804571218,4,1,0,0,0,0,0,1,0,0,0,0,0,1,0,0,0,1,1,0,0,0,1,0,0,0,"(15, 25]"
586,0,2,47.0,0,0,1,1,2.772588722239781,2,0,0,0,0,0,0,0,0,0,1,0,0,1,0,0,1,0,0,1,0,0,0,0,1,0,"(45, 70]"
587,1,1,60.0,1,1,1,0,4.384523514872469,4,0,0,0,1,0,0,0,0,0,0,1,0,0,0,0,1,0,1,0,0,0,0,0,1,0,"(45, 70]"
588,0,3,22.0,0,0,1,1,2.2027647577118348,1,0,0,0,0,0,0,0,0,0,1,0,0,1,0,0,1,0,0,0,1,0,1,0,0,0,"(15, 25]"
589,0,3,32.973597359735976,0,0,1,1,2.2027647577118348,1,0,0,0,0,0,0,0,0,0,1,0,0,1,0,0,1,0,0,0,1,0,0,1,0,0,"(25, 45]"
590,0,3,35.0,0,0,1,1,2.094945728215801,0,0,0,0,0,0,0,0,0,0,1,0,0,1,0,0,1,0,0,0,1,0,0,1,0,0,"(25, 45]"
591,1,1,52.0,1,0,0,0,4.37281811610993,4,1,0,0,0,0,1,0,0,0,0,1,0,0,0,0,0,1,1,0,0,0,0,0,1,0,"(45, 70]"
592,0,3,47.0,0,0,1,1,2.1102132003465894,0,0,0,0,0,0,0,0,0,0,1,0,0,1,0,0,1,0,0,0,1,0,0,0,1,0,"(45, 70]"
593,0,3,26.833333333333332,0,2,0,0,2.169053700369523,0,1,0,0,0,0,0,0,0,0,1,0,1,0,0,0,0,1,0,0,1,0,0,1,0,0,"(25, 45]"
594,0,2,37.0,1,0,1,0,3.295836866004329,3,0,0,0,0,0,0,0,0,0,1,0,0,1,0,0,1,0,0,1,0,0,0,1,0,0,"(25, 45]"
595,0,3,36.0,1,1,1,0,3.224857896545748,3,0,0,0,0,0,0,0,0,0,1,0,0,1,0,0,1,0,0,0,1,0,0,1,0,0,"(25, 45]"
596,1,2,31.08421052631579,0,0,0,1,3.5263605246161616,3,1,0,0,0,0,0,0,0,0,1,0,0,1,0,0,0,1,0,1,0,0,0,1,0,0,"(25, 45]"
597,0,3,49.0,0,0,1,1,0.0,0,0,0,0,0,0,0,0,0,0,1,0,0,1,0,0,1,0,0,0,1,0,0,0,1,0,"(45, 70]"
598,0,3,32.973597359735976,0,0,1,1,2.1071782966514356,0,0,0,0,0,0,0,0,0,0,1,1,0,0,0,0,1,0,0,0,1,0,0,1,0,0,"(25, 45]"
599,1,1,49.0,1,0,1,0,4.0592215752427645,4,0,0,1,0,0,0,0,0,0,0,1,0,0,0,0,1,0,1,0,0,0,0,0,1,0,"(45, 70]"
600,1,2,24.0,2,1,0,0,3.332204510175204,3,1,0,0,0,0,0,0,0,0,1,0,0,1,0,0,0,1,0,1,0,0,1,0,0,0,"(15, 25]"
601,0,3,32.973597359735976,0,0,1,1,2.1855792552411137,1,0,0,0,0,0,0,0,0,0,1,0,0,1,0,0,1,0,0,0,1,0,0,1,0,0,"(25, 45]"
602,0,1,32.973597359735976,0,0,1,1,3.770459441106359,4,0,0,0,0,0,0,0,0,0,1,0,0,1,0,0,1,0,1,0,0,0,0,1,0,0,"(25, 45]"
603,0,3,44.0,0,0,1,1,2.2027647577118348,1,0,0,0,0,0,0,0,0,0,1,0,0,1,0,0,1,0,0,0,1,0,0,1,0,0,"(25, 45]"
604,1,1,35.0,0,0,1,1,3.3160025355989236,3,0,0,0,0,0,0,0,0,0,1,1,0,0,0,0,1,0,1,0,0,0,0,1,0,0,"(25, 45]"
605,0,3,36.0,1,0,1,0,2.806386101823072,2,0,0,0,0,0,0,0,0,0,1,0,0,1,0,0,1,0,0,0,1,0,0,1,0,0,"(25, 45]"
606,0,3,30.0,0,0,1,1,2.1855792552411137,1,0,0,0,0,0,0,0,0,0,1,0,0,1,0,0,1,0,0,0,1,0,0,1,0,0,"(25, 45]"
607,1,1,27.0,0,0,1,1,3.449987545831587,3,0,0,0,0,0,0,0,0,0,1,0,0,1,0,0,1,0,1,0,0,0,0,1,0,0,"(25, 45]"
608,1,2,22.0,1,2,0,0,3.7513658711253766,4,1,0,0,0,0,0,0,0,0,1,1,0,0,0,0,0,1,0,1,0,0,1,0,0,0,"(15, 25]"
609,1,1,40.0,0,0,0,1,5.039951348430309,4,1,0,0,0,1,0,0,0,0,0,0,0,1,0,0,0,1,1,0,0,0,0,1,0,0,"(25, 45]"
610,0,3,39.0,1,5,0,0,3.4742929367327062,3,1,0,0,0,0,0,0,0,0,1,0,0,1,0,0,0,1,0,0,1,0,0,1,0,0,"(25, 45]"
611,0,3,32.973597359735976,0,0,1,1,2.085672091430472,0,0,0,0,0,0,0,0,0,0,1,0,0,1,0,0,1,0,0,0,1,0,0,1,0,0,"(25, 45]"
612,1,3,33.355555555555554,1,0,0,0,2.803360380906535,2,1,0,0,0,0,0,0,0,0,1,0,1,0,0,0,0,1,0,0,1,0,0,1,0,0,"(25, 45]"
613,0,3,32.973597359735976,0,0,1,1,2.169053700369523,0,0,0,0,0,0,0,0,0,0,1,0,1,0,0,0,1,0,0,0,1,0,0,1,0,0,"(25, 45]"
614,0,3,35.0,0,0,1,1,2.2027647577118348,1,0,0,0,0,0,0,0,0,0,1,0,0,1,0,0,1,0,0,0,1,0,0,1,0,0,"(25, 45]"
615,1,2,24.0,1,2,0,0,4.189654742026425,4,1,0,0,0,0,0,0,0,0,1,0,0,1,0,0,0,1,0,1,0,0,1,0,0,0,"(15, 25]"
616,0,3,34.0,1,1,1,0,2.7343675094195836,2,0,0,0,0,0,0,0,0,0,1,0,0,1,0,0,1,0,0,0,1,0,0,1,0,0,"(25, 45]"
617,0,3,26.0,1,0,0,0,2.8390784635086144,2,1,0,0,0,0,0,0,0,0,1,0,0,1,0,0,0,1,0,0,1,0,0,1,0,0,"(25, 45]"
618,1,2,4.0,2,1,0,0,3.6888794541139363,3,1,0,0,0,0,0,0,1,0,0,0,0,1,0,1,0,0,0,1,0,1,0,0,0,0,"(0, 15]"
619,0,2,26.0,0,0,1,1,2.4423470353692043,1,0,0,0,0,0,0,0,0,0,1,0,0,1,0,0,1,0,0,1,0,0,0,1,0,0,"(25, 45]"
620,0,3,27.0,1,0,1,0,2.737880811060884,2,0,0,0,0,0,0,0,0,0,1,1,0,0,0,0,1,0,0,0,1,0,0,1,0,0,"(25, 45]"
621,1,1,42.0,1,0,1,0,3.9806942251907276,4,0,0,0,0,0,1,0,0,0,0,0,0,1,0,0,1,0,1,0,0,0,0,1,0,0,"(25, 45]"
622,1,3,20.0,1,1,1,0,2.817902613071225,2,0,0,0,0,0,0,0,0,0,1,1,0,0,0,0,1,0,0,0,1,0,1,0,0,0,"(15, 25]"
623,0,3,21.0,0,0,1,1,2.180891922715322,0,0,0,0,0,0,0,0,0,0,1,0,0,1,0,0,1,0,0,0,1,0,1,0,0,0,"(15, 25]"
624,0,3,21.0,0,0,1,1,2.8390784635086144,2,0,0,0,0,0,0,0,0,0,1,0,0,1,0,0,1,0,0,0,1,0,1,0,0,0,"(15, 25]"
625,0,1,61.0,0,0,1,1,3.5061818266142577,3,0,0,0,0,0,1,0,0,0,0,0,0,1,0,0,1,0,1,0,0,0,0,0,1,0,"(45, 70]"
626,0,2,57.0,0,0,1,1,2.5915163848462583,2,0,0,0,0,0,0,0,0,0,1,0,1,0,0,0,1,0,0,1,0,0,0,0,1,0,"(45, 70]"
627,1,1,21.0,0,0,0,1,4.368919865004903,4,1,0,0,0,0,1,0,0,0,0,0,0,1,0,0,0,1,1,0,0,0,1,0,0,0,"(15, 25]"
628,0,3,26.0,0,0,1,1,2.1855792552411137,1,0,0,0,0,0,0,0,0,0,1,0,0,1,0,0,1,0,0,0,1,0,0,1,0,0,"(25, 45]"
629,0,3,32.973597359735976,0,0,1,1,2.167143305297764,0,0,0,0,0,0,0,0,0,0,1,0,1,0,0,0,1,0,0,0,1,0,0,1,0,0,"(25, 45]"
630,1,1,80.0,0,0,1,1,3.4339872044851463,3,0,0,1,0,0,0,0,0,0,0,0,0,1,0,0,1,0,1,0,0,0,0,0,0,1,"(70, 100]"
631,0,3,51.0,0,0,1,1,2.086193694502369,0,0,0,0,0,0,0,0,0,0,1,0,0,1,0,0,1,0,0,0,1,0,0,0,1,0,"(45, 70]"
632,1,1,32.0,0,0,1,1,3.449987545831587,3,0,0,0,1,0,0,0,0,0,0,1,0,0,0,0,1,0,1,0,0,0,0,1,0,0,"(25, 45]"
633,0,1,32.973597359735976,0,0,1,1,0.0,0,0,0,0,0,0,0,0,0,0,1,0,0,1,0,0,1,0,1,0,0,0,0,1,0,0,"(25, 45]"
634,0,3,9.0,3,2,0,0,3.3638415951183864,3,1,0,0,0,0,0,0,0,0,1,0,0,1,0,1,0,0,0,0,1,1,0,0,0,0,"(0, 15]"
635,1,2,28.0,0,0,0,1,2.6390573296152584,2,1,0,0,0,0,0,0,0,0,1,0,0,1,0,0,0,1,0,1,0,0,0,1,0,0,"(25, 45]"
636,0,3,32.0,0,0,1,1,2.188856327665703,1,0,0,0,0,0,0,0,0,0,1,0,0,1,0,0,1,0,0,0,1,0,0,1,0,0,"(25, 45]"
637,0,2,31.0,1,1,1,0,3.305053521109253,3,0,0,0,0,0,0,0,0,0,1,0,0,1,0,0,1,0,0,1,0,0,0,1,0,0,"(25, 45]"
638,0,3,41.0,0,5,0,0,3.705920919968788,3,1,0,0,0,0,0,0,0,0,1,0,0,1,0,0,0,1,0,0,1,0,0,1,0,0,"(25, 45]"
639,0,3,32.70192307692308,1,0,1,0,2.8390784635086144,2,0,0,0,0,0,0,0,0,0,1,0,0,1,0,0,1,0,0,0,1,0,0,1,0,0,"(25, 45]"
640,0,3,20.0,0,0,1,1,2.180891922715322,0,0,0,0,0,0,0,0,0,0,1,0,0,1,0,0,1,0,0,0,1,0,1,0,0,0,"(15, 25]"
641,1,1,24.0,0,0,0,1,4.252771798816619,4,1,0,0,1,0,0,0,0,0,0,1,0,0,0,0,0,1,1,0,0,0,1,0,0,0,"(15, 25]"
642,0,3,2.0,3,2,0,0,3.3638415951183864,3,1,0,0,0,0,0,0,0,0,1,0,0,1,0,1,0,0,0,0,1,1,0,0,0,0,"(0, 15]"
643,1,3,32.973597359735976,0,0,1,1,4.05171190165724,4,0,0,0,0,0,0,0,0,0,1,0,0,1,0,0,1,0,0,0,1,0,0,1,0,0,"(25, 45]"
644,1,3,0.75,2,1,0,0,3.0085645861193133,2,1,0,0,0,0,0,0,0,0,1,1,0,0,0,1,0,0,0,0,1,1,0,0,0,0,"(0, 15]"
645,1,1,48.0,1,0,1,0,4.353230991152628,4,0,0,0,0,0,1,0,0,0,0,1,0,0,0,0,1,0,1,0,0,0,0,0,1,0,"(45, 70]"
646,0,3,19.0,0,0,1,1,2.1855792552411137,1,0,0,0,0,0,0,0,0,0,1,0,0,1,0,0,1,0,0,0,1,0,1,0,0,0,"(15, 25]"
647,1,1,56.0,0,0,1,1,3.597312260588446,3,0,0,1,0,0,0,0,0,0,0,1,0,0,0,0,1,0,1,0,0,0,0,0,1,0,"(45, 70]"
648,0,3,32.973597359735976,0,0,1,1,2.145931282948669,0,0,0,0,0,0,0,0,0,0,1,0,0,1,0,0,1,0,0,0,1,0,0,1,0,0,"(25, 45]"
649,1,3,23.0,0,0,0,1,2.145931282948669,0,1,0,0,0,0,0,0,0,0,1,0,0,1,0,0,0,1,0,0,1,0,1,0,0,0,"(15, 25]"
650,0,3,32.973597359735976,0,0,1,1,2.1855792552411137,1,0,0,0,0,0,0,0,0,0,1,0,0,1,0,0,1,0,0,0,1,0,0,1,0,0,"(25, 45]"
651,1,2,18.0,0,1,0,0,3.1780538303479458,3,1,0,0,0,0,0,0,0,0,1,0,0,1,0,0,0,1,0,1,0,0,1,0,0,0,"(15, 25]"
652,0,3,21.0,0,0,1,1,2.2442459824059346,1,0,0,0,0,0,0,0,0,0,1,0,0,1,0,0,1,0,0,0,1,0,1,0,0,0,"(15, 25]"
653,1,3,31.08421052631579,0,0,0,1,2.17806441028492,0,1,0,0,0,0,0,0,0,0,1,0,1,0,0,0,0,1,0,0,1,0,0,1,0,0,"(25, 45]"
654,0,3,18.0,0,0,0,1,2.0476928433652555,0,1,0,0,0,0,0,0,0,0,1,0,1,0,0,0,0,1,0,0,1,0,1,0,0,0,"(15, 25]"
655,0,2,24.0,2,0,1,0,4.310799125385514,4,0,0,0,0,0,0,0,0,0,1,0,0,1,0,0,1,0,0,1,0,0,1,0,0,0,"(15, 25]"
656,0,3,32.973597359735976,0,0,1,1,2.1855792552411137,1,0,0,0,0,0,0,0,0,0,1,0,0,1,0,0,1,0,0,0,1,0,0,1,0,0,"(25, 45]"
657,0,3,32.0,1,1,0,0,2.803360380906535,2,1,0,0,0,0,0,0,0,0,1,0,1,0,0,0,0,1,0,0,1,0,0,1,0,0,"(25, 45]"
658,0,2,23.0,0,0,1,1,2.6390573296152584,2,0,0,0,0,0,0,0,0,0,1,0,0,1,0,0,1,0,0,1,0,0,1,0,0,0,"(15, 25]"
659,0,1,58.0,0,2,1,0,4.738607824217808,4,0,0,0,0,0,1,0,0,0,0,1,0,0,0,0,1,0,1,0,0,0,0,0,1,0,"(45, 70]"
660,1,1,50.0,2,0,1,0,4.902678819257608,4,0,0,0,0,0,0,0,0,0,1,0,0,1,0,0,1,0,1,0,0,0,0,0,1,0,"(45, 70]"
661,0,3,40.0,0,0,1,1,2.1071782966514356,0,0,0,0,0,0,0,0,0,0,1,1,0,0,0,0,1,0,0,0,1,0,0,1,0,0,"(25, 45]"
662,0,1,47.0,0,0,1,1,3.2804411805263554,3,0,0,0,0,0,0,1,0,0,0,0,0,1,0,0,1,0,1,0,0,0,0,0,1,0,"(45, 70]"
663,0,3,36.0,0,0,1,1,2.139571923732859,0,0,0,0,0,0,0,0,0,0,1,0,0,1,0,0,1,0,0,0,1,0,0,1,0,0,"(25, 45]"
664,1,3,20.0,1,0,1,0,2.188856327665703,1,0,0,0,0,0,0,0,0,0,1,0,0,1,0,0,1,0,0,0,1,0,1,0,0,0,"(15, 25]"
665,0,2,32.0,2,0,1,0,4.310799125385514,4,0,0,0,0,0,0,0,0,0,1,0,0,1,0,0,1,0,0,1,0,0,0,1,0,0,"(25, 45]"
666,0,2,25.0,0,0,1,1,2.6390573296152584,2,0,0,0,0,0,0,0,0,0,1,0,0,1,0,0,1,0,0,1,0,0,1,0,0,0,"(15, 25]"
667,0,3,32.973597359735976,0,0,1,1,2.1719067693519296,0,0,0,0,0,0,0,0,0,0,1,0,0,1,0,0,1,0,0,0,1,0,0,1,0,0,"(25, 45]"
668,0,3,43.0,0,0,1,1,2.2027647577118348,1,0,0,0,0,0,0,0,0,0,1,0,0,1,0,0,1,0,0,0,1,0,0,1,0,0,"(25, 45]"
669,1,1,33.355555555555554,1,0,0,0,3.970291913552122,4,1,0,0,0,1,0,0,0,0,0,0,0,1,0,0,0,1,1,0,0,0,0,1,0,0,"(25, 45]"
670,1,2,40.0,1,1,0,0,3.6888794541139363,3,1,0,0,0,0,0,0,0,0,1,0,0,1,0,0,0,1,0,1,0,0,0,1,0,0,"(25, 45]"
671,0,1,31.0,1,0,1,0,3.970291913552122,4,0,0,0,1,0,0,0,0,0,0,0,0,1,0,0,1,0,1,0,0,0,0,1,0,0,"(25, 45]"
672,0,2,70.0,0,0,1,1,2.4423470353692043,1,0,0,0,0,0,0,0,0,0,1,0,0,1,0,0,1,0,0,1,0,0,0,0,1,0,"(45, 70]"
673,1,2,31.0,0,0,1,1,2.6390573296152584,2,0,0,0,0,0,0,0,0,0,1,0,0,1,0,0,1,0,0,1,0,0,0,1,0,0,"(25, 45]"
674,0,2,32.973597359735976,0,0,1,1,0.0,0,0,0,0,0,0,0,0,0,0,1,0,0,1,0,0,1,0,0,1,0,0,0,1,0,0,"(25, 45]"
675,0,3,18.0,0,0,1,1,2.1719067693519296,0,0,0,0,0,0,0,0,0,0,1,0,0,1,0,0,1,0,0,0,1,0,1,0,0,0,"(15, 25]"
676,0,3,24.5,0,0,1,1,2.2027647577118348,1,0,0,0,0,0,0,0,0,0,1,0,0,1,0,0,1,0,0,0,1,0,1,0,0,0,"(15, 25]"
677,1,3,18.0,0,0,0,1,2.3833998102837652,1,1,0,0,0,0,0,0,0,0,1,0,0,1,0,0,0,1,0,0,1,0,1,0,0,0,"(15, 25]"
678,0,3,43.0,1,6,0,0,3.8691155044168695,4,1,0,0,0,0,0,0,0,0,1,0,0,1,0,0,0,1,0,0,1,0,0,1,0,0,"(25, 45]"
679,1,1,36.0,0,1,1,0,6.240917354759096,4,0,0,0,1,0,0,0,0,0,0,1,0,0,0,0,1,0,1,0,0,0,0,1,0,0,"(25, 45]"
680,0,3,31.08421052631579,0,0,0,1,2.212386825075897,1,1,0,0,0,0,0,0,0,0,1,0,1,0,0,0,0,1,0,0,1,0,0,1,0,0,"(25, 45]"
681,1,1,27.0,0,0,1,1,4.353230991152628,4,0,0,0,0,0,1,0,0,0,0,1,0,0,0,0,1,0,1,0,0,0,0,1,0,0,"(25, 45]"
682,0,3,20.0,0,0,1,1,2.3248357019288655,1,0,0,0,0,0,0,0,0,0,1,0,0,1,0,0,1,0,0,0,1,0,1,0,0,0,"(15, 25]"
683,0,3,14.0,5,2,0,0,3.8691155044168695,4,0,0,0,0,0,0,0,0,0,1,0,0,1,0,1,0,0,0,0,1,1,0,0,0,0,"(0, 15]"
684,0,2,60.0,1,1,1,0,3.6888794541139363,3,0,0,0,0,0,0,0,0,0,1,0,0,1,0,0,1,0,0,1,0,0,0,0,1,0,"(45, 70]"
685,0,2,25.0,1,2,1,0,3.7513658711253766,4,0,0,0,0,0,0,0,0,0,1,1,0,0,0,0,1,0,0,1,0,0,1,0,0,0,"(15, 25]"
686,0,3,14.0,4,1,0,0,3.705920919968788,3,0,0,0,0,0,0,0,0,0,1,0,0,1,0,1,0,0,0,0,1,1,0,0,0,0,"(0, 15]"
687,0,3,19.0,0,0,1,1,2.4133032309283076,1,0,0,0,0,0,0,0,0,0,1,0,0,1,0,0,1,0,0,0,1,0,1,0,0,0,"(15, 25]"
688,0,3,18.0,0,0,1,1,2.174274334826008,0,0,0,0,0,0,0,0,0,0,1,0,0,1,0,0,1,0,0,0,1,0,1,0,0,0,"(15, 25]"
689,1,1,15.0,0,1,0,0,5.35817698994543,4,1,0,0,1,0,0,0,0,0,0,0,0,1,0,1,0,0,1,0,0,1,0,0,0,0,"(0, 15]"
690,1,1,31.0,1,0,1,0,4.060443010546419,4,0,0,0,1,0,0,0,0,0,0,0,0,1,0,0,1,0,1,0,0,0,0,1,0,0,"(25, 45]"
691,1,3,4.0,0,1,0,0,2.668387256845834,2,1,0,0,0,0,0,0,0,0,1,1,0,0,0,1,0,0,0,0,1,1,0,0,0,0,"(0, 15]"
692,1,3,32.973597359735976,0,0,1,1,4.05171190165724,4,0,0,0,0,0,0,0,0,0,1,0,0,1,0,0,1,0,0,0,1,0,0,1,0,0,"(25, 45]"
693,0,3,25.0,0,0,1,1,2.1071782966514356,0,0,0,0,0,0,0,0,0,0,1,1,0,0,0,0,1,0,0,0,1,0,1,0,0,0,"(15, 25]"
694,0,1,60.0,0,0,1,1,3.3160025355989236,3,0,0,0,0,0,0,0,0,0,1,0,0,1,0,0,1,0,1,0,0,0,0,0,1,0,"(45, 70]"
695,0,2,52.0,0,0,1,1,2.6741486494265287,2,0,0,0,0,0,0,0,0,0,1,0,0,1,0,0,1,0,0,1,0,0,0,0,1,0,"(45, 70]"
696,0,3,44.0,0,0,1,1,2.2027647577118348,1,0,0,0,0,0,0,0,0,0,1,0,0,1,0,0,1,0,0,0,1,0,0,1,0,0,"(25, 45]"
697,1,3,31.08421052631579,0,0,0,1,2.167143305297764,0,1,0,0,0,0,0,0,0,0,1,0,1,0,0,0,0,1,0,0,1,0,0,1,0,0,"(25, 45]"
698,0,1,49.0,1,1,1,0,4.717456363787216,4,0,0,0,0,1,0,0,0,0,0,1,0,0,0,0,1,0,1,0,0,0,0,0,1,0,"(45, 70]"
699,0,3,42.0,0,0,1,1,2.157559320943788,0,0,0,0,0,0,0,0,1,0,0,0,0,1,0,0,1,0,0,0,1,0,0,1,0,0,"(25, 45]"
700,1,1,18.0,1,0,0,0,5.4316456135398825,4,1,0,0,0,1,0,0,0,0,0,1,0,0,0,0,0,1,1,0,0,0,1,0,0,0,"(15, 25]"
701,1,1,35.0,0,0,1,1,3.3064287218760624,3,0,0,0,0,0,0,1,0,0,0,0,0,1,0,0,1,0,1,0,0,0,0,1,0,0,"(25, 45]"
702,0,3,18.0,0,1,0,0,2.737880811060884,2,1,0,0,0,0,0,0,0,0,1,1,0,0,0,0,0,1,0,0,1,0,1,0,0,0,"(15, 25]"
703,0,3,25.0,0,0,1,1,2.1681046787623672,0,0,0,0,0,0,0,0,0,0,1,0,1,0,0,0,1,0,0,0,1,0,1,0,0,0,"(15, 25]"
704,0,3,26.0,1,0,1,0,2.180891922715322,0,0,0,0,0,0,0,0,0,0,1,0,0,1,0,0,1,0,0,0,1,0,0,1,0,0,"(25, 45]"
705,0,2,39.0,0,0,1,1,3.295836866004329,3,0,0,0,0,0,0,0,0,0,1,0,0,1,0,0,1,0,0,1,0,0,0,1,0,0,"(25, 45]"
706,1,2,45.0,0,0,0,1,2.6741486494265287,2,1,0,0,0,0,0,0,0,0,1,0,0,1,0,0,0,1,0,1,0,0,0,1,0,0,"(25, 45]"
707,1,1,42.0,0,0,1,1,3.3064287218760624,3,0,0,0,0,0,0,1,0,0,0,0,0,1,0,0,1,0,1,0,0,0,0,1,0,0,"(25, 45]"
708,1,1,22.0,0,0,0,1,5.027492411162679,4,1,0,0,0,0,0,0,0,0,1,0,0,1,0,0,0,1,1,0,0,0,1,0,0,0,"(15, 25]"
709,1,3,36.0,1,1,1,0,2.7878344138303452,2,0,0,0,0,0,0,0,0,0,1,1,0,0,0,0,1,0,0,0,1,0,0,1,0,0,"(25, 45]"
710,1,1,24.0,0,0,0,1,3.922056501139853,4,1,0,0,0,1,0,0,0,0,0,1,0,0,0,0,0,1,1,0,0,0,1,0,0,0,"(15, 25]"
711,0,1,32.973597359735976,0,0,1,1,3.3160025355989236,3,0,0,0,0,1,0,0,0,0,0,0,0,1,0,0,1,0,1,0,0,0,0,1,0,0,"(25, 45]"
712,1,1,48.0,1,0,1,0,3.970291913552122,4,0,0,0,0,1,0,0,0,0,0,0,0,1,0,0,1,0,1,0,0,0,0,0,1,0,"(45, 70]"
713,0,3,29.0,0,0,1,1,2.3497835148230464,1,0,0,0,0,0,0,0,0,0,1,0,0,1,0,0,1,0,0,0,1,0,0,1,0,0,"(25, 45]"
714,0,2,52.0,0,0,1,1,2.6390573296152584,2,0,0,0,0,0,0,0,0,0,1,0,0,1,0,0,1,0,0,1,0,0,0,0,1,0,"(45, 70]"
715,0,3,19.0,0,0,1,1,2.157559320943788,0,0,0,0,0,0,0,0,1,0,0,0,0,1,0,0,1,0,0,0,1,0,1,0,0,0,"(15, 25]"
716,1,1,38.0,0,0,0,1,5.4316456135398825,4,1,0,0,0,1,0,0,0,0,0,1,0,0,0,0,0,1,1,0,0,0,0,1,0,0,"(25, 45]"
717,1,2,27.0,0,0,0,1,2.4423470353692043,1,1,0,0,0,0,0,1,0,0,0,0,0,1,0,0,0,1,0,1,0,0,0,1,0,0,"(25, 45]"
718,0,3,32.973597359735976,0,0,1,1,2.803360380906535,2,0,0,0,0,0,0,0,0,0,1,0,1,0,0,0,1,0,0,0,1,0,0,1,0,0,"(25, 45]"
719,0,3,33.0,0,0,1,1,2.1719067693519296,0,0,0,0,0,0,0,0,0,0,1,0,0,1,0,0,1,0,0,0,1,0,0,1,0,0,"(25, 45]"
720,1,2,6.0,0,1,0,0,3.5263605246161616,3,1,0,0,0,0,0,0,0,0,1,0,0,1,0,1,0,0,0,1,0,1,0,0,0,0,"(0, 15]"
721,0,3,17.0,1,0,1,0,2.086193694502369,0,0,0,0,0,0,0,0,0,0,1,0,0,1,0,0,1,0,0,0,1,0,1,0,0,0,"(15, 25]"
722,0,2,34.0,0,0,1,1,2.6390573296152584,2,0,0,0,0,0,0,0,0,0,1,0,0,1,0,0,1,0,0,1,0,0,0,1,0,0,"(25, 45]"
723,0,2,50.0,0,0,1,1,2.6390573296152584,2,0,0,0,0,0,0,0,0,0,1,0,0,1,0,0,1,0,0,1,0,0,0,0,1,0,"(45, 70]"
724,1,1,27.0,1,0,1,0,3.9908341858524357,4,0,0,0,0,0,0,1,0,0,0,0,0,1,0,0,1,0,1,0,0,0,0,1,0,0,"(25, 45]"
725,0,3,20.0,0,0,1,1,2.2682524139135403,1,0,0,0,0,0,0,0,0,0,1,0,0,1,0,0,1,0,0,0,1,0,1,0,0,0,"(15, 25]"
726,1,2,30.0,3,0,0,0,3.091042453358316,2,1,0,0,0,0,0,0,0,0,1,0,0,1,0,0,0,1,0,1,0,0,0,1,0,0,"(25, 45]"
727,1,3,31.08421052631579,0,0,0,1,2.1676241075599285,0,1,0,0,0,0,0,0,0,0,1,0,1,0,0,0,0,1,0,0,1,0,0,1,0,0,"(25, 45]"
728,0,2,25.0,1,0,1,0,3.295836866004329,3,0,0,0,0,0,0,0,0,0,1,0,0,1,0,0,1,0,0,1,0,0,1,0,0,0,"(15, 25]"
729,0,3,25.0,1,0,0,0,2.188856327665703,1,1,0,0,0,0,0,0,0,0,1,0,0,1,0,0,0,1,0,0,1,0,1,0,0,0,"(15, 25]"
730,1,1,29.0,0,0,0,1,5.35817698994543,4,1,0,0,1,0,0,0,0,0,0,0,0,1,0,0,0,1,1,0,0,0,0,1,0,0,"(25, 45]"
731,0,3,11.0,0,0,0,1,2.9850504252071306,2,0,0,0,0,0,0,0,0,0,1,1,0,0,0,1,0,0,0,0,1,1,0,0,0,0,"(0, 15]"
732,0,2,32.973597359735976,0,0,1,1,0.0,0,0,0,0,0,0,0,0,0,0,1,0,0,1,0,0,1,0,0,1,0,0,0,1,0,0,"(25, 45]"
733,0,2,23.0,0,0,1,1,2.6390573296152584,2,0,0,0,0,0,0,0,0,0,1,0,0,1,0,0,1,0,0,1,0,0,1,0,0,0,"(15, 25]"
734,0,2,23.0,0,0,1,1,2.6390573296152584,2,0,0,0,0,0,0,0,0,0,1,0,0,1,0,0,1,0,0,1,0,0,1,0,0,0,"(15, 25]"
735,0,3,28.5,0,0,1,1,2.8390784635086144,2,0,0,0,0,0,0,0,0,0,1,0,0,1,0,0,1,0,0,0,1,0,0,1,0,0,"(25, 45]"
736,0,3,48.0,1,3,0,0,3.5660053559634015,3,1,0,0,0,0,0,0,0,0,1,0,0,1,0,0,0,1,0,0,1,0,0,0,1,0,"(45, 70]"
737,1,1,35.0,0,0,1,1,6.240917354759096,4,0,0,0,1,0,0,0,0,0,0,1,0,0,0,0,1,0,1,0,0,0,0,1,0,0,"(25, 45]"
738,0,3,32.973597359735976,0,0,1,1,2.1855792552411137,1,0,0,0,0,0,0,0,0,0,1,0,0,1,0,0,1,0,0,0,1,0,0,1,0,0,"(25, 45]"
739,0,3,32.973597359735976,0,0,1,1,2.1855792552411137,1,0,0,0,0,0,0,0,0,0,1,0,0,1,0,0,1,0,0,0,1,0,0,1,0,0,"(25, 45]"
740,1,1,32.973597359735976,0,0,1,1,3.4339872044851463,3,0,0,0,0,0,1,0,0,0,0,0,0,1,0,0,1,0,1,0,0,0,0,1,0,0,"(25, 45]"
741,0,1,36.0,1,0,1,0,4.380149874661021,4,0,0,0,0,1,0,0,0,0,0,0,0,1,0,0,1,0,1,0,0,0,0,1,0,0,"(25, 45]"
742,1,1,21.0,2,2,0,0,5.5735788721243535,4,1,0,0,1,0,0,0,0,0,0,1,0,0,0,0,0,1,1,0,0,0,1,0,0,0,"(15, 25]"
743,0,3,24.0,1,0,1,0,2.8390784635086144,2,0,0,0,0,0,0,0,0,0,1,0,0,1,0,0,1,0,0,0,1,0,1,0,0,0,"(15, 25]"
744,1,3,31.0,0,0,1,1,2.188856327665703,1,0,0,0,0,0,0,0,0,0,1,0,0,1,0,0,1,0,0,0,1,0,0,1,0,0,"(25, 45]"
745,0,1,70.0,1,1,1,0,4.276666119016055,4,0,0,0,1,0,0,0,0,0,0,0,0,1,0,0,1,0,1,0,0,0,0,0,1,0,"(45, 70]"
746,0,3,16.0,1,1,1,0,3.056356895370426,2,0,0,0,0,0,0,0,0,0,1,0,0,1,0,0,1,0,0,0,1,0,1,0,0,0,"(15, 25]"
747,1,2,30.0,0,0,0,1,2.6390573296152584,2,1,0,0,0,0,0,0,0,0,1,0,0,1,0,0,0,1,0,1,0,0,0,1,0,0,"(25, 45]"
748,0,1,19.0,1,0,1,0,3.9908341858524357,4,0,0,0,0,0,1,0,0,0,0,0,0,1,0,0,1,0,1,0,0,0,1,0,0,0,"(15, 25]"
749,0,3,31.0,0,0,1,1,2.169053700369523,0,0,0,0,0,0,0,0,0,0,1,0,1,0,0,0,1,0,0,0,1,0,0,1,0,0,"(25, 45]"
750,1,2,4.0,1,1,0,0,3.1780538303479458,3,1,0,0,0,0,0,0,0,0,1,0,0,1,0,1,0,0,0,1,0,1,0,0,0,0,"(0, 15]"
751,1,3,6.0,0,1,0,0,2.600836116795061,2,0,0,0,0,0,0,1,0,0,0,0,0,1,0,1,0,0,0,0,1,1,0,0,0,0,"(0, 15]"
752,0,3,33.0,0,0,1,1,2.3513752571634776,1,0,0,0,0,0,0,0,0,0,1,0,0,1,0,0,1,0,0,0,1,0,0,1,0,0,"(25, 45]"
753,0,3,23.0,0,0,1,1,2.1855792552411137,1,0,0,0,0,0,0,0,0,0,1,0,0,1,0,0,1,0,0,0,1,0,1,0,0,0,"(15, 25]"
754,1,2,48.0,1,2,0,0,4.189654742026425,4,1,0,0,0,0,0,0,0,0,1,0,0,1,0,0,0,1,0,1,0,0,0,0,1,0,"(45, 70]"
755,1,2,0.67,1,1,0,0,2.740840023925201,2,0,0,0,0,0,0,0,0,0,1,0,0,1,0,1,0,0,0,1,0,1,0,0,0,0,"(0, 15]"
756,0,3,28.0,0,0,1,1,2.174274334826008,0,0,0,0,0,0,0,0,0,0,1,0,0,1,0,0,1,0,0,0,1,0,0,1,0,0,"(25, 45]"
757,0,2,18.0,0,0,1,1,2.5257286443082556,2,0,0,0,0,0,0,0,0,0,1,0,0,1,0,0,1,0,0,1,0,0,1,0,0,0,"(15, 25]"
758,0,3,34.0,0,0,1,1,2.2027647577118348,1,0,0,0,0,0,0,0,0,0,1,0,0,1,0,0,1,0,0,0,1,0,0,1,0,0,"(25, 45]"
759,1,1,33.0,0,0,0,1,4.471638793363569,4,1,0,0,1,0,0,0,0,0,0,0,0,1,0,0,0,1,1,0,0,0,0,1,0,0,"(25, 45]"
760,0,3,32.973597359735976,0,0,1,1,2.740840023925201,2,0,0,0,0,0,0,0,0,0,1,0,0,1,0,0,1,0,0,0,1,0,0,1,0,0,"(25, 45]"
761,0,3,41.0,0,0,1,1,2.094945728215801,0,0,0,0,0,0,0,0,0,0,1,0,0,1,0,0,1,0,0,0,1,0,0,1,0,0,"(25, 45]"
762,1,3,20.0,0,0,1,1,2.1076888046179385,0,0,0,0,0,0,0,0,0,0,1,1,0,0,0,0,1,0,0,0,1,0,1,0,0,0,"(15, 25]"
763,1,1,36.0,1,2,0,0,4.795790545596741,4,1,0,0,1,0,0,0,0,0,0,0,0,1,0,0,0,1,1,0,0,0,0,1,0,0,"(25, 45]"
764,0,3,16.0,0,0,1,1,2.1719067693519296,0,0,0,0,0,0,0,0,0,0,1,0,0,1,0,0,1,0,0,0,1,0,1,0,0,0,"(15, 25]"
765,1,1,51.0,1,0,0,0,4.368919865004903,4,1,0,0,0,0,1,0,0,0,0,0,0,1,0,0,0,1,1,0,0,0,0,0,1,0,"(45, 70]"
766,0,1,32.973597359735976,0,0,1,1,3.703768066607687,3,0,0,0,0,0,0,0,0,0,1,1,0,0,0,0,1,0,1,0,0,0,0,1,0,0,"(25, 45]"
767,0,3,30.5,0,0,0,1,2.169053700369523,0,1,0,0,0,0,0,0,0,0,1,0,1,0,0,0,0,1,0,0,1,0,0,1,0,0,"(25, 45]"
768,0,3,32.70192307692308,1,0,1,0,3.224857896545748,3,0,0,0,0,0,0,0,0,0,1,0,1,0,0,0,1,0,0,0,1,0,0,1,0,0,"(25, 45]"
769,0,3,32.0,0,0,1,1,2.236712348843338,1,0,0,0,0,0,0,0,0,0,1,0,0,1,0,0,1,0,0,0,1,0,0,1,0,0,"(25, 45]"
770,0,3,24.0,0,0,1,1,2.3513752571634776,1,0,0,0,0,0,0,0,0,0,1,0,0,1,0,0,1,0,0,0,1,0,1,0,0,0,"(15, 25]"
771,0,3,48.0,0,0,1,1,2.180891922715322,0,0,0,0,0,0,0,0,0,0,1,0,0,1,0,0,1,0,0,0,1,0,0,0,1,0,"(45, 70]"
772,0,2,57.0,0,0,0,1,2.4423470353692043,1,1,0,0,0,0,0,1,0,0,0,0,0,1,0,0,0,1,0,1,0,0,0,0,1,0,"(45, 70]"
773,0,3,32.973597359735976,0,0,1,1,2.1071782966514356,0,0,0,0,0,0,0,0,0,0,1,1,0,0,0,0,1,0,0,0,1,0,0,1,0,0,"(25, 45]"
774,1,2,54.0,1,3,0,0,3.1780538303479458,3,1,0,0,0,0,0,0,0,0,1,0,0,1,0,0,0,1,0,1,0,0,0,0,1,0,"(45, 70]"
775,0,3,18.0,0,0,1,1,2.169053700369523,0,0,0,0,0,0,0,0,0,0,1,0,0,1,0,0,1,0,0,0,1,0,1,0,0,0,"(15, 25]"
776,0,3,32.973597359735976,0,0,1,1,2.169053700369523,0,0,0,0,0,0,0,0,1,0,0,0,1,0,0,0,1,0,0,0,1,0,0,1,0,0,"(25, 45]"
777,1,3,5.0,0,0,0,1,2.600836116795061,2,1,0,0,0,0,0,0,0,0,1,0,0,1,0,1,0,0,0,0,1,1,0,0,0,0,"(0, 15]"
778,0,3,32.973597359735976,0,0,1,1,2.1676241075599285,0,0,0,0,0,0,0,0,0,0,1,0,1,0,0,0,1,0,0,0,1,0,0,1,0,0,"(25, 45]"
779,1,1,43.0,0,1,0,0,5.35817698994543,4,1,0,0,1,0,0,0,0,0,0,0,0,1,0,0,0,1,1,0,0,0,0,1,0,0,"(25, 45]"
780,1,3,13.0,0,0,0,1,2.1076888046179385,0,1,0,0,0,0,0,0,0,0,1,1,0,0,0,1,0,0,0,0,1,1,0,0,0,0,"(0, 15]"
781,1,1,17.0,1,0,0,0,4.060443010546419,4,1,0,0,1,0,0,0,0,0,0,0,0,1,0,0,0,1,1,0,0,0,1,0,0,0,"(15, 25]"
782,0,1,29.0,0,0,1,1,3.4339872044851463,3,0,0,0,0,0,1,0,0,0,0,0,0,1,0,0,1,0,1,0,0,0,0,1,0,0,"(25, 45]"
783,0,3,30.75,1,2,1,0,3.196630215920881,3,0,0,0,0,0,0,0,0,0,1,0,0,1,0,0,1,0,0,0,1,0,0,1,0,0,"(25, 45]"
784,0,3,25.0,0,0,1,1,2.085672091430472,0,0,0,0,0,0,0,0,0,0,1,0,0,1,0,0,1,0,0,0,1,0,1,0,0,0,"(15, 25]"
785,0,3,25.0,0,0,1,1,2.1102132003465894,0,0,0,0,0,0,0,0,0,0,1,0,0,1,0,0,1,0,0,0,1,0,1,0,0,0,"(15, 25]"
786,1,3,18.0,0,0,0,1,2.139571923732859,0,1,0,0,0,0,0,0,0,0,1,0,0,1,0,0,0,1,0,0,1,0,1,0,0,0,"(15, 25]"
787,0,3,8.0,4,1,0,0,3.405355391810819,3,0,0,0,0,0,0,0,0,0,1,0,1,0,0,1,0,0,0,0,1,1,0,0,0,0,"(0, 15]"
788,1,3,1.0,1,2,0,0,3.0715352369694915,2,0,0,0,0,0,0,0,0,0,1,0,0,1,0,1,0,0,0,0,1,1,0,0,0,0,"(0, 15]"
789,0,1,46.0,0,0,1,1,4.384523514872469,4,0,0,0,1,0,0,0,0,0,0,1,0,0,0,0,1,0,1,0,0,0,0,0,1,0,"(45, 70]"
790,0,3,32.973597359735976,0,0,1,1,2.169053700369523,0,0,0,0,0,0,0,0,0,0,1,0,1,0,0,0,1,0,0,0,1,0,0,1,0,0,"(25, 45]"
791,0,2,16.0,0,0,1,1,3.295836866004329,3,0,0,0,0,0,0,0,0,0,1,0,0,1,0,0,1,0,0,1,0,0,1,0,0,0,"(15, 25]"
792,0,3,6.369518072289157,8,2,0,0,4.256321678298823,4,1,0,0,0,0,0,0,0,0,1,0,0,1,0,0,0,1,0,0,1,1,0,0,0,0,"(0, 15]"
793,0,1,32.973597359735976,0,0,1,1,3.4561841799918147,3,0,0,0,0,0,0,0,0,0,1,1,0,0,0,0,1,0,1,0,0,0,0,1,0,0,"(25, 45]"
794,0,3,25.0,0,0,1,1,2.1855792552411137,1,0,0,0,0,0,0,0,0,0,1,0,0,1,0,0,1,0,0,0,1,0,1,0,0,0,"(15, 25]"
795,0,2,39.0,0,0,1,1,2.6390573296152584,2,0,0,0,0,0,0,0,0,0,1,0,0,1,0,0,1,0,0,1,0,0,0,1,0,0,"(25, 45]"
796,1,1,49.0,0,0,0,1,3.2932111997353943,3,1,0,0,0,0,1,0,0,0,0,0,0,1,0,0,0,1,1,0,0,0,0,0,1,0,"(45, 70]"
797,1,3,31.0,0,0,0,1,2.270402752283094,1,1,0,0,0,0,0,0,0,0,1,0,0,1,0,0,0,1,0,0,1,0,0,1,0,0,"(25, 45]"
798,0,3,30.0,0,0,1,1,2.1076888046179385,0,0,0,0,0,0,0,0,0,0,1,1,0,0,0,0,1,0,0,0,1,0,0,1,0,0,"(25, 45]"
799,0,3,30.0,1,1,0,0,3.224857896545748,3,1,0,0,0,0,0,0,0,0,1,0,0,1,0,0,0,1,0,0,1,0,0,1,0,0,"(25, 45]"
800,0,2,34.0,0,0,1,1,2.6390573296152584,2,0,0,0,0,0,0,0,0,0,1,0,0,1,0,0,1,0,0,1,0,0,0,1,0,0,"(25, 45]"
801,1,2,31.0,1,1,0,0,3.305053521109253,3,1,0,0,0,0,0,0,0,0,1,0,0,1,0,0,0,1,0,1,0,0,0,1,0,0,"(25, 45]"
802,1,1,11.0,1,2,0,0,4.795790545596741,4,0,0,0,1,0,0,0,0,0,0,0,0,1,0,1,0,0,1,0,0,1,0,0,0,0,"(0, 15]"
803,1,3,0.42,0,1,0,0,2.2530481500547457,1,0,0,0,0,0,0,0,0,0,1,1,0,0,0,1,0,0,0,0,1,1,0,0,0,0,"(0, 15]"
804,1,3,27.0,0,0,1,1,2.076311648670908,0,0,0,0,0,0,0,0,0,0,1,0,0,1,0,0,1,0,0,0,1,0,0,1,0,0,"(25, 45]"
805,0,3,31.0,0,0,1,1,2.1719067693519296,0,0,0,0,0,0,0,0,0,0,1,0,0,1,0,0,1,0,0,0,1,0,0,1,0,0,"(25, 45]"
806,0,1,39.0,0,0,1,1,0.0,0,0,0,1,0,0,0,0,0,0,0,0,0,1,0,0,1,0,1,0,0,0,0,1,0,0,"(25, 45]"
807,0,3,18.0,0,0,0,1,2.1719067693519296,0,1,0,0,0,0,0,0,0,0,1,0,0,1,0,0,0,1,0,0,1,0,1,0,0,0,"(15, 25]"
808,0,2,39.0,0,0,1,1,2.6390573296152584,2,0,0,0,0,0,0,0,0,0,1,0,0,1,0,0,1,0,0,1,0,0,0,1,0,0,"(25, 45]"
809,1,1,33.0,1,0,0,0,3.9908341858524357,4,1,0,0,0,0,0,1,0,0,0,0,0,1,0,0,0,1,1,0,0,0,0,1,0,0,"(25, 45]"
810,0,3,26.0,0,0,1,1,2.1846457951293594,1,0,0,0,0,0,0,0,0,0,1,0,0,1,0,0,1,0,0,0,1,0,0,1,0,0,"(25, 45]"
811,0,3,39.0,0,0,1,1,3.224857896545748,3,0,0,0,0,0,0,0,0,0,1,0,0,1,0,0,1,0,0,0,1,0,0,1,0,0,"(25, 45]"
812,0,2,35.0,0,0,1,1,2.4423470353692043,1,0,0,0,0,0,0,0,0,0,1,0,0,1,0,0,1,0,0,1,0,0,0,1,0,0,"(25, 45]"
813,0,3,6.0,4,2,0,0,3.4742929367327062,3,1,0,0,0,0,0,0,0,0,1,0,0,1,0,1,0,0,0,0,1,1,0,0,0,0,"(0, 15]"
814,0,3,30.5,0,0,1,1,2.2027647577118348,1,0,0,0,0,0,0,0,0,0,1,0,0,1,0,0,1,0,0,0,1,0,0,1,0,0,"(25, 45]"
815,0,1,32.973597359735976,0,0,1,1,0.0,0,0,0,0,1,0,0,0,0,0,0,0,0,1,0,0,1,0,1,0,0,0,0,1,0,0,"(25, 45]"
816,0,3,23.0,0,0,0,1,2.188856327665703,1,1,0,0,0,0,0,0,0,0,1,0,0,1,0,0,0,1,0,0,1,0,1,0,0,0,"(15, 25]"
817,0,2,31.0,1,1,1,0,3.637696679934592,3,0,0,0,0,0,0,0,0,0,1,1,0,0,0,0,1,0,0,1,0,0,0,1,0,0,"(25, 45]"
818,0,3,43.0,0,0,1,1,2.0082140323914683,0,0,0,0,0,0,0,0,0,0,1,0,0,1,0,0,1,0,0,0,1,0,0,1,0,0,"(25, 45]"
819,0,3,10.0,3,2,0,0,3.3638415951183864,3,0,0,0,0,0,0,0,0,0,1,0,0,1,0,1,0,0,0,0,1,1,0,0,0,0,"(0, 15]"
820,1,1,52.0,1,1,0,0,4.548599834499697,4,1,0,0,1,0,0,0,0,0,0,0,0,1,0,0,0,1,1,0,0,0,0,0,1,0,"(45, 70]"
821,1,3,27.0,0,0,1,1,2.2682524139135403,1,0,0,0,0,0,0,0,0,0,1,0,0,1,0,0,1,0,0,0,1,0,0,1,0,0,"(25, 45]"
822,0,1,38.0,0,0,1,1,0.0,0,0,0,0,0,0,0,0,0,0,1,0,0,1,0,0,1,0,1,0,0,0,0,1,0,0,"(25, 45]"
823,1,3,27.0,0,1,0,0,2.600836116795061,2,1,0,0,0,0,0,1,0,0,0,0,0,1,0,0,0,1,0,0,1,0,0,1,0,0,"(25, 45]"
824,0,3,2.0,4,1,0,0,3.705920919968788,3,0,0,0,0,0,0,0,0,0,1,0,0,1,0,1,0,0,0,0,1,1,0,0,0,0,"(0, 15]"
825,0,3,32.973597359735976,0,0,1,1,2.0731719286662407,0,0,0,0,0,0,0,0,0,0,1,0,1,0,0,0,1,0,0,0,1,0,0,1,0,0,"(25, 45]"
826,0,3,32.973597359735976,0,0,1,1,4.05171190165724,4,0,0,0,0,0,0,0,0,0,1,0,0,1,0,0,1,0,0,0,1,0,0,1,0,0,"(25, 45]"
827,1,2,1.0,0,2,0,0,3.637696679934592,3,0,0,0,0,0,0,0,0,0,1,1,0,0,0,1,0,0,0,1,0,1,0,0,0,0,"(0, 15]"
828,1,3,32.973597359735976,0,0,1,1,2.169053700369523,0,0,0,0,0,0,0,0,0,0,1,0,1,0,0,0,1,0,0,0,1,0,0,1,0,0,"(25, 45]"
829,1,1,62.0,0,0,0,1,4.394449154672439,4,1,0,0,1,0,0,0,0,0,0,0,0,0,1,0,0,1,1,0,0,0,0,0,1,0,"(45, 70]"
830,1,3,15.0,1,0,0,0,2.737880811060884,2,1,0,0,0,0,0,0,0,0,1,1,0,0,0,1,0,0,0,0,1,1,0,0,0,0,"(0, 15]"
831,1,2,0.83,1,1,0,0,2.9831534913471307,2,0,0,0,0,0,0,0,0,0,1,0,0,1,0,1,0,0,0,1,0,1,0,0,0,0,"(0, 15]"
832,0,3,32.973597359735976,0,0,1,1,2.1076888046179385,0,0,0,0,0,0,0,0,0,0,1,1,0,0,0,0,1,0,0,0,1,0,0,1,0,0,"(25, 45]"
833,0,3,23.0,0,0,1,1,2.180891922715322,0,0,0,0,0,0,0,0,0,0,1,0,0,1,0,0,1,0,0,0,1,0,1,0,0,0,"(15, 25]"
834,0,3,18.0,0,0,1,1,2.2300144001592104,1,0,0,0,0,0,0,0,0,0,1,0,0,1,0,0,1,0,0,0,1,0,1,0,0,0,"(15, 25]"
835,1,1,39.0,1,1,0,0,4.432699549165613,4,1,0,0,0,0,0,1,0,0,0,1,0,0,0,0,0,1,1,0,0,0,0,1,0,0,"(25, 45]"
836,0,3,21.0,0,0,1,1,2.2682524139135403,1,0,0,0,0,0,0,0,0,0,1,0,0,1,0,0,1,0,0,0,1,0,1,0,0,0,"(15, 25]"
837,0,3,32.973597359735976,0,0,1,1,2.2027647577118348,1,0,0,0,0,0,0,0,0,0,1,0,0,1,0,0,1,0,0,0,1,0,0,1,0,0,"(25, 45]"
838,1,3,32.0,0,0,1,1,4.05171190165724,4,0,0,0,0,0,0,0,0,0,1,0,0,1,0,0,1,0,0,0,1,0,0,1,0,0,"(25, 45]"
839,1,1,32.973597359735976,0,0,1,1,3.4242626545931514,3,0,0,0,0,1,0,0,0,0,0,1,0,0,0,0,1,0,1,0,0,0,0,1,0,0,"(25, 45]"
840,0,3,20.0,0,0,1,1,2.188856327665703,1,0,0,0,0,0,0,0,0,0,1,0,0,1,0,0,1,0,0,0,1,0,1,0,0,0,"(15, 25]"
841,0,2,16.0,0,0,1,1,2.4423470353692043,1,0,0,0,0,0,0,0,0,0,1,0,0,1,0,0,1,0,0,1,0,0,1,0,0,0,"(15, 25]"
842,1,1,30.0,0,0,0,1,3.4657359027997265,3,1,0,0,0,0,0,0,0,0,1,1,0,0,0,0,0,1,1,0,0,0,0,1,0,0,"(25, 45]"
843,0,3,34.5,0,0,1,1,2.006534770871748,0,0,0,0,0,0,0,0,0,0,1,1,0,0,0,0,1,0,0,0,1,0,0,1,0,0,"(25, 45]"
844,0,3,17.0,0,0,1,1,2.2682524139135403,1,0,0,0,0,0,0,0,0,0,1,0,0,1,0,0,1,0,0,0,1,0,1,0,0,0,"(15, 25]"
845,0,3,42.0,0,0,1,1,2.145931282948669,0,0,0,0,0,0,0,0,0,0,1,0,0,1,0,0,1,0,0,0,1,0,0,1,0,0,"(25, 45]"
846,0,3,6.369518072289157,8,2,1,0,4.256321678298823,4,0,0,0,0,0,0,0,0,0,1,0,0,1,0,0,1,0,0,0,1,1,0,0,0,0,"(0, 15]"
847,0,3,35.0,0,0,1,1,2.1855792552411137,1,0,0,0,0,0,0,0,0,0,1,1,0,0,0,0,1,0,0,0,1,0,0,1,0,0,"(25, 45]"
848,0,2,28.0,0,1,1,0,3.5263605246161616,3,0,0,0,0,0,0,0,0,0,1,0,0,1,0,0,1,0,0,1,0,0,0,1,0,0,"(25, 45]"
849,1,1,33.355555555555554,1,0,0,0,4.500966778400217,4,1,0,0,0,1,0,0,0,0,0,1,0,0,0,0,0,1,1,0,0,0,0,1,0,0,"(25, 45]"
850,0,3,4.0,4,2,0,0,3.4742929367327062,3,0,0,0,0,0,0,0,0,0,1,0,0,1,0,1,0,0,0,0,1,1,0,0,0,0,"(0, 15]"
851,0,3,74.0,0,0,1,1,2.1719067693519296,0,0,0,0,0,0,0,0,0,0,1,0,0,1,0,0,1,0,0,0,1,0,0,0,0,1,"(70, 100]"
852,0,3,9.0,1,1,0,0,2.7878344138303452,2,1,0,0,0,0,0,0,0,0,1,1,0,0,0,1,0,0,0,0,1,1,0,0,0,0,"(0, 15]"
853,1,1,16.0,0,1,0,0,3.6988297849671046,3,1,0,0,0,0,1,0,0,0,0,0,0,1,0,0,0,1,1,0,0,0,1,0,0,0,"(15, 25]"
854,0,2,44.0,1,0,0,0,3.295836866004329,3,1,0,0,0,0,0,0,0,0,1,0,0,1,0,0,0,1,0,1,0,0,0,1,0,0,"(25, 45]"
855,1,3,18.0,0,1,0,0,2.336986519711378,1,1,0,0,0,0,0,0,0,0,1,0,0,1,0,0,0,1,0,0,1,0,1,0,0,0,"(15, 25]"
856,1,1,45.0,1,1,0,0,5.11118445372147,4,1,0,0,0,0,0,0,0,0,1,0,0,1,0,0,0,1,1,0,0,0,0,1,0,0,"(25, 45]"
857,1,1,51.0,0,0,1,1,3.3160025355989236,3,0,0,0,0,0,0,1,0,0,0,0,0,1,0,0,1,0,1,0,0,0,0,0,1,0,"(45, 70]"
858,1,3,24.0,0,3,0,0,3.0085645861193133,2,1,0,0,0,0,0,0,0,0,1,1,0,0,0,0,0,1,0,0,1,0,1,0,0,0,"(15, 25]"
859,0,3,32.973597359735976,0,0,1,1,2.1076888046179385,0,0,0,0,0,0,0,0,0,0,1,1,0,0,0,0,1,0,0,0,1,0,0,1,0,0,"(25, 45]"
860,0,3,41.0,2,0,1,0,2.7152442616824506,2,0,0,0,0,0,0,0,0,0,1,0,0,1,0,0,1,0,0,0,1,0,0,1,0,0,"(25, 45]"
861,0,2,21.0,1,0,1,0,2.5257286443082556,2,0,0,0,0,0,0,0,0,0,1,0,0,1,0,0,1,0,0,1,0,0,1,0,0,0,"(15, 25]"
862,1,1,48.0,0,0,0,1,3.2932111997353943,3,1,0,0,0,0,1,0,0,0,0,0,0,1,0,0,0,1,1,0,0,0,0,0,1,0,"(45, 70]"
863,0,3,6.369518072289157,8,2,0,0,4.256321678298823,4,1,0,0,0,0,0,0,0,0,1,0,0,1,0,0,0,1,0,0,1,1,0,0,0,0,"(0, 15]"
864,0,2,24.0,0,0,1,1,2.6390573296152584,2,0,0,0,0,0,0,0,0,0,1,0,0,1,0,0,1,0,0,1,0,0,1,0,0,0,"(15, 25]"
865,1,2,42.0,0,0,0,1,2.6390573296152584,2,1,0,0,0,0,0,0,0,0,1,0,0,1,0,0,0,1,0,1,0,0,0,1,0,0,"(25, 45]"
866,1,2,27.0,1,0,0,0,2.698558631668595,2,1,0,0,0,0,0,0,0,0,1,1,0,0,0,0,0,1,0,1,0,0,0,1,0,0,"(25, 45]"
867,0,1,31.0,0,0,1,1,3.941500250945973,4,0,0,1,0,0,0,0,0,0,0,0,0,1,0,0,1,0,1,0,0,0,0,1,0,0,"(25, 45]"
868,0,3,32.973597359735976,0,0,1,1,2.3513752571634776,1,0,0,0,0,0,0,0,0,0,1,0,0,1,0,0,1,0,0,0,1,0,0,1,0,0,"(25, 45]"
869,1,3,4.0,1,1,0,0,2.495953738718064,2,0,0,0,0,0,0,0,0,0,1,0,0,1,0,1,0,0,0,0,1,1,0,0,0,0,"(0, 15]"
870,0,3,26.0,0,0,1,1,2.1855792552411137,1,0,0,0,0,0,0,0,0,0,1,0,0,1,0,0,1,0,0,0,1,0,0,1,0,0,"(25, 45]"
871,1,1,47.0,1,1,0,0,3.9806942251907276,4,1,0,0,0,0,1,0,0,0,0,0,0,1,0,0,0,1,1,0,0,0,0,0,1,0,"(45, 70]"
872,0,1,33.0,0,0,1,1,1.791759469228055,0,0,0,0,1,0,0,0,0,0,0,0,0,1,0,0,1,0,1,0,0,0,0,1,0,0,"(25, 45]"
873,0,3,47.0,0,0,1,1,2.302585092994046,1,0,0,0,0,0,0,0,0,0,1,0,0,1,0,0,1,0,0,0,1,0,0,0,1,0,"(45, 70]"
874,1,2,28.0,1,0,0,0,3.2188758248682006,3,1,0,0,0,0,0,0,0,0,1,1,0,0,0,0,0,1,0,1,0,0,0,1,0,0,"(25, 45]"
875,1,3,15.0,0,0,0,1,2.1071782966514356,0,1,0,0,0,0,0,0,0,0,1,1,0,0,0,1,0,0,0,0,1,1,0,0,0,0,"(0, 15]"
876,0,3,20.0,0,0,1,1,2.3837779082709782,1,0,0,0,0,0,0,0,0,0,1,0,0,1,0,0,1,0,0,0,1,0,1,0,0,0,"(15, 25]"
877,0,3,19.0,0,0,1,1,2.1855792552411137,1,0,0,0,0,0,0,0,0,0,1,0,0,1,0,0,1,0,0,0,1,0,1,0,0,0,"(15, 25]"
878,0,3,32.973597359735976,0,0,1,1,2.1855792552411137,1,0,0,0,0,0,0,0,0,0,1,0,0,1,0,0,1,0,0,0,1,0,0,1,0,0,"(25, 45]"
879,1,1,56.0,0,1,0,0,4.432699549165613,4,1,0,0,0,1,0,0,0,0,0,1,0,0,0,0,0,1,1,0,0,0,0,0,1,0,"(45, 70]"
880,1,2,25.0,0,1,0,0,3.295836866004329,3,1,0,0,0,0,0,0,0,0,1,0,0,1,0,0,0,1,0,1,0,0,1,0,0,0,"(15, 25]"
881,0,3,33.0,0,0,1,1,2.1855792552411137,1,0,0,0,0,0,0,0,0,0,1,0,0,1,0,0,1,0,0,0,1,0,0,1,0,0,"(25, 45]"
882,0,3,22.0,0,0,0,1,2.4437981558973862,2,1,0,0,0,0,0,0,0,0,1,0,0,1,0,0,0,1,0,0,1,0,1,0,0,0,"(15, 25]"
883,0,2,28.0,0,0,1,1,2.4423470353692043,1,0,0,0,0,0,0,0,0,0,1,0,0,1,0,0,1,0,0,1,0,0,0,1,0,0,"(25, 45]"
884,0,3,25.0,0,0,1,1,2.085672091430472,0,0,0,0,0,0,0,0,0,0,1,0,0,1,0,0,1,0,0,0,1,0,1,0,0,0,"(15, 25]"
885,0,3,39.0,0,5,0,0,3.405355391810819,3,1,0,0,0,0,0,0,0,0,1,0,1,0,0,0,0,1,0,0,1,0,0,1,0,0,"(25, 45]"
886,0,2,27.0,0,0,1,1,2.6390573296152584,2,0,0,0,0,0,0,0,0,0,1,0,0,1,0,0,1,0,0,1,0,0,0,1,0,0,"(25, 45]"
887,1,1,19.0,0,0,0,1,3.4339872044851463,3,1,0,0,1,0,0,0,0,0,0,0,0,1,0,0,0,1,1,0,0,0,1,0,0,0,"(15, 25]"
888,0,3,31.333333333333332,1,2,0,0,3.196630215920881,3,1,0,0,0,0,0,0,0,0,1,0,0,1,0,0,0,1,0,0,1,0,0,1,0,0,"(25, 45]"
889,1,1,26.0,0,0,1,1,3.4339872044851463,3,0,0,0,0,1,0,0,0,0,0,1,0,0,0,0,1,0,1,0,0,0,0,1,0,0,"(25, 45]"
890,0,3,32.0,0,0,1,1,2.169053700369523,0,0,0,0,0,0,0,0,0,0,1,0,1,0,0,0,1,0,0,0,1,0,0,1,0,0,"(25, 45]"
